date,tavg,tmin,tmax,prcp,snow,wdir,wspd,wpgt,pres,tsun
2020-01-01 00:00:00,2,-2,8.9,,,,5.2,,1019.6,
2020-01-02 00:00:00,3.4,-1,8,,,,5.3,,1019.8,
2020-01-03 00:00:00,4.7,2.8,7,,,,5.6,,1023.3,
2020-01-04 00:00:00,5.1,1,11,,,,6.6,,1022.1,
2020-01-05 00:00:00,4.9,1,10,,,,6.8,,1015.6,
2020-01-06 00:00:00,1.5,0,3.2,,,,5.7,,1019.2,
2020-01-07 00:00:00,1.3,0,3,,,,6.4,,1027.7,
2020-01-08 00:00:00,1.9,-0.6,4,1.8,,,6,,1028.3,
2020-01-09 00:00:00,2.4,-1,7,,,,9.6,,1022.4,
2020-01-10 00:00:00,5.1,-1,9.3,0,,,7.3,,1018.1,
2020-01-11 00:00:00,6.4,2,10,,,,11,,1017.4,
2020-01-12 00:00:00,2.4,-1.3,5,,,,6.7,,1016,
2020-01-13 00:00:00,-1.5,-2.9,-1,7.9,,,7.2,,1022.5,
2020-01-14 00:00:00,-0.2,-2.9,1.1,0,,,7.3,,1027.5,
2020-01-15 00:00:00,0.2,-2,2.4,,,,6.2,,1031.8,
2020-01-16 00:00:00,0.5,-2.3,2,,,,7,,1034.4,
2020-01-17 00:00:00,-0.7,-4.2,4,,,,7.6,,1036,
2020-01-18 00:00:00,-2.7,-7,3,,,,3.5,,1027.1,
2020-01-19 00:00:00,0.2,-4,3.9,,,,5.3,,1021.3,
2020-01-20 00:00:00,3.4,1.1,5,2,,,6.5,,1023.9,
2020-01-21 00:00:00,2.6,1.2,4,0.8,,,3.9,,1023.9,
2020-01-22 00:00:00,0.8,-1.4,2,,,,7.1,,1027.5,
2020-01-23 00:00:00,3.3,-4,11,,,,11.8,,1021.8,
2020-01-24 00:00:00,5.5,3,8,,,,11.8,,1013.5,
2020-01-25 00:00:00,4.7,1.6,8.3,0.3,,,7.2,,1021.4,
2020-01-26 00:00:00,0.7,-1.9,3,,,,7.3,,1024.7,
2020-01-27 00:00:00,1.1,-1,4,,,,5.6,,1023.6,
2020-01-28 00:00:00,3.3,1.2,7,,,,5.6,,1029.1,
2020-01-29 00:00:00,2.5,-2,8,,,,7.9,,1026.7,
2020-01-30 00:00:00,3.1,-1.8,10,,,,6.8,,1022.8,
2020-01-31 00:00:00,5.1,-1,14.5,,,,7.1,,1018.7,
2020-02-01 00:00:00,8.1,1,16,,,,11.4,,1015.8,
2020-02-02 00:00:00,9.9,4,18,,,,10.8,,1012.9,
2020-02-03 00:00:00,6.3,4.2,9,,,,7.1,,1017.6,
2020-02-04 00:00:00,5.3,1,10.6,,,,6.8,,1019.5,
2020-02-05 00:00:00,8.5,2,15.5,,,,8.6,,1015.1,
2020-02-06 00:00:00,7.4,4,11,0.3,,,7,,1023.7,
2020-02-07 00:00:00,9,1,18,,,,5.9,,1019.5,
2020-02-08 00:00:00,13.1,6,22,,,,10.3,,1013.1,
2020-02-09 00:00:00,13.3,9.8,18.4,,,,10,,1009,
2020-02-10 00:00:00,8.3,6.2,11.5,23.9,,,9.6,,1014.6,
2020-02-11 00:00:00,3.5,1,7,,,,7.6,,1017.6,
2020-02-12 00:00:00,5,2.5,11,,,,12.5,,1013.3,
2020-02-13 00:00:00,3.4,1,7,,,,9.1,,1026.7,
2020-02-14 00:00:00,6.5,1,12,,,,8.3,,1025.1,
2020-02-15 00:00:00,5.4,0.5,10,,,,14.1,,1023,
2020-02-16 00:00:00,2.4,-1,7,,,,11.2,,1036.7,
2020-02-17 00:00:00,4.8,1.4,9,,,,7.7,,1031.9,
2020-02-18 00:00:00,0,-3,3,8.9,,,10.5,,1033.1,
2020-02-19 00:00:00,0.6,-2.8,5,,,,7.3,,1036.1,
2020-02-20 00:00:00,3.2,-3,9.4,,,,7.2,,1023.1,
2020-02-21 00:00:00,8.3,0,17.5,,,,8.3,,1013.9,
2020-02-22 00:00:00,7.4,4.9,9,1,,,7.6,,1024.2,
2020-02-23 00:00:00,8.9,3,14,,,,6.5,,1022.4,
2020-02-24 00:00:00,10.4,8,14.7,0.5,,,6.2,,1019.7,
2020-02-25 00:00:00,12.9,6,20,,,,9.7,,1017,
2020-02-26 00:00:00,14.5,7.4,20,,,,14.4,,1011.6,
2020-02-27 00:00:00,2.4,0.8,7,21.1,,,11.3,,1025.3,
2020-02-28 00:00:00,4.2,0,9.3,,,,5.6,,1024.4,
2020-02-29 00:00:00,8,2.8,15,,,,6.2,,1017.6,
2020-03-01 00:00:00,12.6,4,21,,,,6,,1014.3,
2020-03-02 00:00:00,14.9,7,22,,,,7.8,,1015.5,
2020-03-03 00:00:00,12.8,8,18,,,,6,,1015.5,
2020-03-04 00:00:00,9.9,6.9,15.1,,,,9,,1015.3,
2020-03-05 00:00:00,6.2,5,8,2,,,9,,1019.4,
2020-03-06 00:00:00,6.7,3,11,,,,9.8,,1023,
2020-03-07 00:00:00,3.9,1.6,6,,,,11.1,,1025.6,
2020-03-08 00:00:00,4.3,1,8.2,,,,8,,1028.9,
2020-03-09 00:00:00,6.2,0,11,,,,9.1,,1026.9,
2020-03-10 00:00:00,7.9,3.1,13,,,,6.5,,1024.6,
2020-03-11 00:00:00,8.5,3,14,,,,7.7,,1023.2,
2020-03-12 00:00:00,9.2,3,15,,,,7.7,,1021.7,
2020-03-13 00:00:00,12,4,19,,,,7,,1021.9,
2020-03-14 00:00:00,13.2,6,20,,,,8.3,,1020.6,
2020-03-15 00:00:00,16.1,8,25,,,,9.7,,1015.1,
2020-03-16 00:00:00,20.2,12,28.1,,,,9.6,,1014.9,
2020-03-17 00:00:00,19,14,24,,,,7.4,,1018.5,
2020-03-18 00:00:00,17.4,11,23,,,,7.1,,1021.5,
2020-03-19 00:00:00,17.1,10,23,,,,8,,1016,
2020-03-20 00:00:00,18.2,10,25.1,,,,7.4,,1008.7,
2020-03-21 00:00:00,12.3,10,16,20.1,,,10.5,,1015.6,
2020-03-22 00:00:00,13.2,8,19,,,,10,,1019.7,
2020-03-23 00:00:00,14.8,10,20,,,,7.6,,1012.7,
2020-03-24 00:00:00,13.4,10,18.6,,,,9.9,,1010.2,
2020-03-25 00:00:00,10.1,7,13,,,,12.3,,1016.7,
2020-03-26 00:00:00,11.1,6,17,,,,7.6,,1021,
2020-03-27 00:00:00,12,8.5,16,,,,6.6,,1020.8,
2020-03-28 00:00:00,13.3,7,19,,,,6.3,,1020.4,
2020-03-29 00:00:00,13.9,6.9,21,,,,7.7,,1016.5,
2020-03-30 00:00:00,16.4,9,23,,,,6.9,,1009.4,
2020-03-31 00:00:00,16.4,13,21,,,,10.5,,1005.4,
2020-04-01 00:00:00,12.6,11,15.4,3.8,,,8.8,,1014.9,
2020-04-02 00:00:00,14.6,9.9,20,8.9,,,8.9,,1019.7,
2020-04-03 00:00:00,16.4,9,24,,,,9,,1016.5,
2020-04-04 00:00:00,19.1,12,24,,,,11.7,,1016.2,
2020-04-05 00:00:00,14.8,13,18,0.8,,,9.1,,1018.8,
2020-04-06 00:00:00,15.4,10,22,,,,5.9,,1016.9,
2020-04-07 00:00:00,14.7,9.6,20,,,,12.1,,1018.5,
2020-04-08 00:00:00,3.1,0,7,15,,,11.4,,1024,
2020-04-09 00:00:00,2.9,-0.1,7,,,,8.2,,1033.4,
2020-04-10 00:00:00,8.1,0,16,,,,5.6,,1022.2,
2020-04-11 00:00:00,15.3,10,20,,,,12.2,,1016.1,
2020-04-12 00:00:00,15.5,13.2,19,14,,,7.8,,1014.8,
2020-04-13 00:00:00,13.3,12,15,14,,,7.4,,1016.8,
2020-04-14 00:00:00,13.2,10.1,17,,,,9.4,,1020.2,
2020-04-15 00:00:00,11.3,9.4,13,,,,10.8,,1023.4,
2020-04-16 00:00:00,13.8,7.3,20,,,,7.3,,1019.7,
2020-04-17 00:00:00,16.6,8.6,23,,,,7.4,,1015.9,
2020-04-18 00:00:00,18,10.5,25,,,,9.2,,1017.5,
2020-04-19 00:00:00,18.7,10,25,,,,7.6,,1015.6,
2020-04-20 00:00:00,19.3,12,26,,,,7.8,,1014.1,
2020-04-21 00:00:00,20.4,13,27.2,,,,8.8,,1014.2,
2020-04-22 00:00:00,21.9,15,28,,,,9.1,,1012.7,
2020-04-23 00:00:00,23.2,16,30,,,,10,,1010.8,
2020-04-24 00:00:00,23.1,16,29.6,,,,8.2,,1008.4,
2020-04-25 00:00:00,19.3,15,23,,,,9.9,,1014.6,
2020-04-26 00:00:00,23.2,16,30,,,,7.8,,1012.5,
2020-04-27 00:00:00,27.5,19.8,35,,,,8.6,,1005.2,
2020-04-28 00:00:00,20.6,18.3,24.6,0.5,,,10.2,,1011.8,
2020-04-29 00:00:00,19.6,14.7,25,,,,11.9,,1015.5,
2020-04-30 00:00:00,19.8,14,26,,,,7.9,,1018.6,
2020-05-01 00:00:00,20.9,14.2,27,,,,9.8,,1011.2,
2020-05-02 00:00:00,20.7,15.8,26.4,1,,,9.3,,1009.9,
2020-05-03 00:00:00,19.8,16,25,0.3,,,8.2,,1012.8,
2020-05-04 00:00:00,21.7,15.6,29,,,,9.2,,1011.5,
2020-05-05 00:00:00,17.8,16,22,,,,9.2,,1016.2,
2020-05-06 00:00:00,19.9,14.8,25,,,,11.7,,1014.9,
2020-05-07 00:00:00,23.8,15,30,,,,9.2,,1008.7,
2020-05-08 00:00:00,23.7,17,31.2,,,,11.7,,1005.9,
2020-05-09 00:00:00,18.1,15,23,16,,,11.4,,1013.5,
2020-05-10 00:00:00,21.9,15,28,,,,10.2,,1016.8,
2020-05-11 00:00:00,23.7,15.5,30,,,,7.8,,1011.1,
2020-05-12 00:00:00,24.3,17,31,,,,12,,1010,
2020-05-13 00:00:00,20.5,16.8,26,,,,11.1,,1010.1,
2020-05-14 00:00:00,15.9,14.6,19.1,17,,,8.5,,1015.7,
2020-05-15 00:00:00,19,12.2,25,,,,7.9,,1017.2,
2020-05-16 00:00:00,16.6,13.4,21,2,,,7.9,,1016.9,
2020-05-17 00:00:00,19.8,12,26,,,,8.5,,1014.8,
2020-05-18 00:00:00,16.4,12.9,22,,,,12.6,,1014.3,
2020-05-19 00:00:00,17.7,11.8,22.1,,,,7.4,,1018.3,
2020-05-20 00:00:00,19.8,12,26,,,,9,,1018.7,
2020-05-21 00:00:00,22.4,15,28.5,,,,9.4,,1017.6,
2020-05-22 00:00:00,24.2,15,31,,,,8,,1016.2,
2020-05-23 00:00:00,26.7,18,35,,,,8.6,,1011.1,
2020-05-24 00:00:00,28.5,20,36.4,,,,7.6,,1009.8,
2020-05-25 00:00:00,29.2,21,37,,,,8.8,,1010.9,
2020-05-26 00:00:00,30.4,22,38,,,,8.2,,1009.5,
2020-05-27 00:00:00,30.5,23,37,,,,8,,1008.3,
2020-05-28 00:00:00,29.3,22.2,36,,,,8.6,,1005.9,
2020-05-29 00:00:00,28.5,23,34,,,,8.5,,1006.8,
2020-05-30 00:00:00,28.5,20.4,35,,,,10.3,,1007.2,
2020-05-31 00:00:00,28.2,21,36,,,,10.3,,1007.8,
2020-06-01 00:00:00,28.8,22,36,,,,13.2,,1008,
2020-06-02 00:00:00,29.8,23.8,37,,,,12.9,,1008,
2020-06-03 00:00:00,30.3,23,37,,,,9.4,,1006.1,
2020-06-04 00:00:00,31,23,37.4,,,,9.2,,1006,
2020-06-05 00:00:00,30.9,25.8,38,0,,,15.8,,1006,
2020-06-06 00:00:00,28,20.8,34,,,,9.7,,1008.6,
2020-06-07 00:00:00,25.5,19,31,,,,8.2,,1009.4,
2020-06-08 00:00:00,25,19,31,,,,12.4,,1009.3,
2020-06-09 00:00:00,24.1,17.7,31,0.5,,,14,,1013.2,
2020-06-10 00:00:00,25.6,17.8,31,,,,10.8,,1012.9,
2020-06-11 00:00:00,25.2,16,32,,,,8.5,,1010.8,
2020-06-12 00:00:00,26.7,19.8,33,,,,10.3,,1007.8,
2020-06-13 00:00:00,28.1,20,35,,,,9.2,,1005.9,
2020-06-14 00:00:00,29,20.7,35,,,,10.2,,1007.2,
2020-06-15 00:00:00,29.5,21.5,36,,,,9.1,,1007.2,
2020-06-16 00:00:00,28,22,34,,,,14.9,,1006.4,
2020-06-17 00:00:00,24.6,17.9,29.6,,,,10.9,,1008.8,
2020-06-18 00:00:00,24.8,17,31,,,,8.2,,1008.1,
2020-06-19 00:00:00,26.2,17,33,,,,8.6,,1007.9,
2020-06-20 00:00:00,27.4,17.5,35,,,,11.7,,1008,
2020-06-21 00:00:00,28.3,18,36,,,,7.7,,1004.2,
2020-06-22 00:00:00,31.4,21.3,40,,,,10.1,,998.8,
2020-06-23 00:00:00,32.9,27.8,37.8,,,,14.8,,1003.4,
2020-06-24 00:00:00,31.4,25,37,,,,10.5,,1008.3,
2020-06-25 00:00:00,30.6,22,37,,,,9.7,,1005.3,
2020-06-26 00:00:00,30.1,22,36,,,,11.1,,1002.7,
2020-06-27 00:00:00,22.4,17.8,28,,,,12.9,,1010.8,
2020-06-28 00:00:00,21.7,15,27,,,,10.1,,1014.8,
2020-06-29 00:00:00,24.8,14.8,32,,,,9.1,,1008,
2020-06-30 00:00:00,27.1,20,33,,,,10.3,,1003.9,
2020-07-01 00:00:00,29.9,22,36,,,,7.7,,1005.4,
2020-07-02 00:00:00,26.9,22.8,31,,,,12.4,,1009.5,
2020-07-03 00:00:00,24.7,17.7,30.6,,,,13.8,,1013.9,
2020-07-04 00:00:00,25.9,16.8,32,,,,11.7,,1010.3,
2020-07-05 00:00:00,26.4,17.2,33,,,,8.8,,1006,
2020-07-06 00:00:00,27.1,19.2,32.1,,,,9.2,,1005.3,
2020-07-07 00:00:00,28.4,18.1,35.5,,,,8.5,,1005,
2020-07-08 00:00:00,29.1,21.4,35,,,,8,,1004.1,
2020-07-09 00:00:00,31.4,22,38,,,,10,,1002.4,
2020-07-10 00:00:00,29.1,22,36,4.3,,,16.5,,1003.9,
2020-07-11 00:00:00,28.4,21,35.5,2,,,9.1,,1005.1,
2020-07-12 00:00:00,29.3,20.8,37,,,,9.3,,1003.4,
2020-07-13 00:00:00,29.3,23.5,34.5,,,,11.4,,1001.3,
2020-07-14 00:00:00,31.1,24,38,,,,9.9,,1002.6,
2020-07-15 00:00:00,32.4,24.5,38.2,,,,10.2,,1002.9,
2020-07-16 00:00:00,32.3,25,39,,,,9.2,,1001,
2020-07-17 00:00:00,32.5,25,39,,,,10.2,,1001.5,
2020-07-18 00:00:00,32.2,25.2,38.1,,,,12.1,,1004,
2020-07-19 00:00:00,32.9,26.8,39,,,,11.8,,1005.1,
2020-07-20 00:00:00,31.3,25,37.3,,,,13.2,,1002.1,
2020-07-21 00:00:00,31.3,23.7,38.4,,,,9.1,,1003,
2020-07-22 00:00:00,32.1,24,39,,,,9.8,,1003.5,
2020-07-23 00:00:00,32.6,24.8,39,,,,9.1,,1002.7,
2020-07-24 00:00:00,29.9,26,34.4,,,,11.1,,1006.8,
2020-07-25 00:00:00,31.5,22.5,37.6,,,,9,,1008.8,
2020-07-26 00:00:00,31.6,23.9,38,,,,11.3,,1007.6,
2020-07-27 00:00:00,30.6,25.5,36.6,,,,10.4,,1008.2,
2020-07-28 00:00:00,30.5,22.4,37,,,,9,,1006.4,
2020-07-29 00:00:00,29.5,22.8,34.4,,,,10.8,,1008.2,
2020-07-30 00:00:00,28.6,19.5,35,,,,8.3,,1007.1,
2020-07-31 00:00:00,26.4,22.7,33.7,0,,,12.2,,1007.2,
2020-08-01 00:00:00,26.5,21.4,32,,,,9,,1007.2,
2020-08-02 00:00:00,28.4,20.3,35,,,,8,,1006.1,
2020-08-03 00:00:00,29,21.4,36,,,,8.2,,1002.9,
2020-08-04 00:00:00,29.3,21.9,36,,,,8.4,,1001.6,
2020-08-05 00:00:00,30.9,22.6,38,,,,9.5,,1003.5,
2020-08-06 00:00:00,29.7,23.4,36.9,,,,9,,1005.9,
2020-08-07 00:00:00,30.3,23.8,37,,,,9.7,,1005.7,
2020-08-08 00:00:00,29.3,24,35,,,,9.7,,1004.6,
2020-08-09 00:00:00,28.4,22.9,34,,,,8.2,,1005,
2020-08-10 00:00:00,29.5,22.3,35.5,,,,8.5,,1004.4,
2020-08-11 00:00:00,28.5,22.6,34,,,,8.8,,1005.9,
2020-08-12 00:00:00,27.4,20,34,,,,8.8,,1007,
2020-08-13 00:00:00,27,20.4,33,,,,7.4,,1007.2,
2020-08-14 00:00:00,28.8,20,35,,,,8.5,,1005.8,
2020-08-15 00:00:00,28.7,19.1,36,,,,7.9,,1004.4,
2020-08-16 00:00:00,26.8,21,31.7,,,,7.1,,1005.2,
2020-08-17 00:00:00,27.6,23,32,,,,7.7,,1004.6,
2020-08-18 00:00:00,25.6,21,30,,,,9.8,,1009.3,
2020-08-19 00:00:00,25.5,17.6,32,,,,10,,1008.8,
2020-08-20 00:00:00,26.4,18.8,33,,,,10.2,,1007.3,
2020-08-21 00:00:00,26.5,17.8,33,,,,8.8,,1009.2,
2020-08-22 00:00:00,27.6,18.7,35.4,,,,8.2,,1005.7,
2020-08-23 00:00:00,29.9,20.3,39,,,,8.6,,1001.6,
2020-08-24 00:00:00,29.3,25.9,34,,,,9.1,,1001.6,
2020-08-25 00:00:00,25.4,21,28,,,,7.4,,1010.4,
2020-08-26 00:00:00,18.5,17.8,25,17,,,10.4,,1012.7,
2020-08-27 00:00:00,20.7,15.3,25,,,,7.9,,1015.2,
2020-08-28 00:00:00,23.2,15.7,30.4,,,,7.8,,1011.2,
2020-08-29 00:00:00,25.3,17.6,33,,,,7.1,,1008.1,
2020-08-30 00:00:00,27,19.6,34,,,,7.9,,1008.2,
2020-08-31 00:00:00,25.6,20.7,30,0,,,13.4,,1009.9,
2020-09-01 00:00:00,26.6,21.1,33,,,,9,,1011.6,
2020-09-02 00:00:00,26.5,20.4,33,,,,8.7,,1012.1,
2020-09-03 00:00:00,26,19,32.1,,,,9.9,,1015,
2020-09-04 00:00:00,27,19.6,34,,,,10.2,,1015.6,
2020-09-05 00:00:00,26.3,19,33,,,,9.3,,1011.2,
2020-09-06 00:00:00,22.9,17.7,27,,,,9.5,,1012.5,
2020-09-07 00:00:00,19.4,12,27.5,,,,7,,1016.6,
2020-09-08 00:00:00,20.4,13,28,,,,8.7,,1014.7,
2020-09-09 00:00:00,21.9,13,30,,,,8.3,,1013.3,
2020-09-10 00:00:00,23,15.8,30.5,,,,7.9,,1012.2,
2020-09-11 00:00:00,23.7,16.5,31,,,,7.9,,1012.3,
2020-09-12 00:00:00,21.9,16,27,,,,7.4,,1017.7,
2020-09-13 00:00:00,21.3,12.3,29.3,,,,8.2,,1016.4,
2020-09-14 00:00:00,22.3,14.5,30,,,,8.5,,1014.3,
2020-09-15 00:00:00,22.6,14,30,,,,8.2,,1014.1,
2020-09-16 00:00:00,22.7,16,29.7,,,,8.5,,1011.5,
2020-09-17 00:00:00,18.5,13.2,24.8,,,,12,,1016.6,
2020-09-18 00:00:00,13.4,9.7,18,,,,8.4,,1022.9,
2020-09-19 00:00:00,15.4,8,23,,,,7.4,,1020.9,
2020-09-20 00:00:00,19.4,10.9,28.3,,,,8,,1014,
2020-09-21 00:00:00,20.6,13,27,,,,9.7,,1016.3,
2020-09-22 00:00:00,18.7,12,24,,,,8.8,,1019.3,
2020-09-23 00:00:00,16.6,10.7,23,,,,7.4,,1019.4,
2020-09-24 00:00:00,17.7,9,26,,,,8.7,,1018.8,
2020-09-25 00:00:00,18,10,26.1,,,,8,,1014.8,
2020-09-26 00:00:00,16.7,11,23.2,,,,8.8,,1012.5,
2020-09-27 00:00:00,16.9,11,24,,,,6.5,,1014.4,
2020-09-28 00:00:00,17.1,10.8,24,,,,8.2,,1016.8,
2020-09-29 00:00:00,17.2,14.4,20,,,,8.8,,1018.5,
2020-09-30 00:00:00,14.5,11.8,19,,,,8.6,,1019.7,
2020-10-01 00:00:00,16.6,9.9,23,,,,10.6,,1019,
2020-10-02 00:00:00,16.8,9.6,23,,,,8.2,,1019.6,
2020-10-03 00:00:00,17.4,10.9,23.4,,,,8.2,,1020.6,
2020-10-04 00:00:00,17.3,11.2,24,,,,9.2,,1021.3,
2020-10-05 00:00:00,16.6,10,23.1,,,,7.7,,1021.2,
2020-10-06 00:00:00,11.5,6.9,15,,,,10,,1025.4,
2020-10-07 00:00:00,12.3,4,20,,,,7.6,,1026.1,
2020-10-08 00:00:00,13.1,6.8,20,,,,9.1,,1025.2,
2020-10-09 00:00:00,10.3,6,14.6,,,,6.4,,1028,
2020-10-10 00:00:00,11.8,7,18.5,,,,6.4,,1029.1,
2020-10-11 00:00:00,12.1,6,19,,,,6.5,,1028.5,
2020-10-12 00:00:00,12.8,5,20,,,,6.8,,1026.5,
2020-10-13 00:00:00,13.5,6,21.4,,,,6.7,,1024.5,
2020-10-14 00:00:00,14.5,8,22,,,,6.5,,1022.7,
2020-10-15 00:00:00,14.9,7,23,,,,6.5,,1022,
2020-10-16 00:00:00,15.2,8,23,,,,7,,1020.3,
2020-10-17 00:00:00,15.3,8,23,,,,6.8,,1020.6,
2020-10-18 00:00:00,16.4,9,24,,,,7.6,,1024.4,
2020-10-19 00:00:00,16.4,9,24,,,,7.6,,1020,
2020-10-20 00:00:00,15.9,7,25,,,,7.1,,1014.7,
2020-10-21 00:00:00,16,8,24.7,,,,7.9,,1019.5,
2020-10-22 00:00:00,13.3,10.8,16,,,,8.5,,1021.9,
2020-10-23 00:00:00,11.3,7.1,14,,,,8.4,,1024.6,
2020-10-24 00:00:00,10.9,5.4,16,,,,8.6,,1026.7,
2020-10-25 00:00:00,11.1,4.8,18,,,,5.7,,1027.2,
2020-10-26 00:00:00,13.2,6,21.6,,,,6.5,,1021.4,
2020-10-27 00:00:00,14.3,7,23,,,,8.4,,1018.1,
2020-10-28 00:00:00,6.8,2.5,10,,,,10.9,,1027.9,
2020-10-29 00:00:00,6.7,0,14,,,,6,,1034.5,
2020-10-30 00:00:00,9,2,17,,,,6,,1028,
2020-10-31 00:00:00,11.2,4,21,,,,5.4,,1023.6,
2020-11-01 00:00:00,12.7,5,22,,,,7,,1021.9,
2020-11-02 00:00:00,14,6,23,,,,6.5,,1022.3,
2020-11-03 00:00:00,12.5,5.7,20.5,,,,6,,1025.2,
2020-11-04 00:00:00,10.8,3,19,,,,5.3,,1026.4,
2020-11-05 00:00:00,11.2,4,19,,,,4,,1023.4,
2020-11-06 00:00:00,12,4,23.1,,,,6.2,,1020.9,
2020-11-07 00:00:00,17.2,9,26,,,,8,,1017.4,
2020-11-08 00:00:00,14.9,10.1,20,,,,8,,1017.4,
2020-11-09 00:00:00,8.8,5.9,12,,,,6.6,,1030.4,
2020-11-10 00:00:00,9.5,4.4,16,,,,4.3,,1024.5,
2020-11-11 00:00:00,9.8,6,14,,,,4.5,,1019.8,
2020-11-12 00:00:00,6.4,3.7,10,23.1,,,9.4,,1026.1,
2020-11-13 00:00:00,5.1,2.9,8,,,,9,,1028.2,
2020-11-14 00:00:00,4.6,1,7,,,,7.3,,1026.3,
2020-11-15 00:00:00,3.7,0,9,,,,7.2,,1028.1,
2020-11-16 00:00:00,2.6,0,7.5,,,,9.5,,1028.3,
2020-11-17 00:00:00,-0.1,-1,1,,,,8.1,,1029.3,
2020-11-18 00:00:00,-5.1,-7,-1,8.1,,,7.5,,1028,
2020-11-19 00:00:00,-7.3,-10.1,-1.9,1,,,6.2,,1037.1,
2020-11-20 00:00:00,-6.5,-10.2,-3,,,,5.4,,1035.6,
2020-11-21 00:00:00,-4,-8,0.7,,,,6.2,,1030.1,
2020-11-22 00:00:00,-5.3,-5.7,-4,2.8,,,6.7,,1027.8,
2020-11-23 00:00:00,-3.4,-9,4,,,,8,,1028.9,
2020-11-24 00:00:00,-2,-7,3.2,,,,5.4,,1025.4,
2020-11-25 00:00:00,0.4,-4,5.2,,,,5,,1026.8,
2020-11-26 00:00:00,2.3,-3,7.8,,,,4.8,,1026,
2020-11-27 00:00:00,7.5,2,12.7,,,,6.9,,1020.4,
2020-11-28 00:00:00,0.9,-1,6,12.2,,,7.6,,1038.3,
2020-11-29 00:00:00,0.7,-3.1,6,,,,7.1,,1039.3,
2020-11-30 00:00:00,0.2,-4,5,,,,5.7,,1032.1,
2020-12-01 00:00:00,3.8,0,10,,,,6.2,,1025.6,
2020-12-02 00:00:00,5.7,2,9.3,0,,,6.7,,1026.1,
2020-12-03 00:00:00,4.4,2,8,,,,4.9,,1027.3,
2020-12-04 00:00:00,0.8,-0.8,3,,,,6.5,,1028.9,
2020-12-05 00:00:00,-2.1,-5,1,,,,4.3,,1029.9,
2020-12-06 00:00:00,-2,-5.2,2,,,,4.9,,1029.6,
2020-12-07 00:00:00,-3.3,-5,-2,,,,5.4,,1027.8,
2020-12-08 00:00:00,-1.9,-3.2,0,,,,5.8,,1029.6,
2020-12-09 00:00:00,-0.9,-3,1.1,5.1,,,4,,1030.5,
2020-12-10 00:00:00,0.4,-1.6,3.2,,,,4,,1029,
2020-12-11 00:00:00,-0.8,-2,0.7,,,,4.4,,1028.9,
2020-12-12 00:00:00,-2,-3,-1,,,,5.4,,1027.9,
2020-12-13 00:00:00,-0.8,-2.9,1,,,,6.4,,1029.1,
2020-12-14 00:00:00,-0.8,-2,0,,,,6.2,,1031.5,
2020-12-15 00:00:00,-0.6,-3.2,1.8,,,,6.4,,1034.3,
2020-12-16 00:00:00,-0.2,-3.6,4,,,,6.4,,1033.8,
2020-12-17 00:00:00,-0.5,-5,5.6,,,,5.4,,1030.6,
2020-12-18 00:00:00,1.5,-5,10.4,,,,5.7,,1025.8,
2020-12-19 00:00:00,3.4,-2,9,,,,8,,1024.5,
2020-12-20 00:00:00,0.3,-0.9,2.3,7.4,,,7.3,,1031.5,
2020-12-21 00:00:00,1,-1.1,3,,,,6.2,,1032.2,
2020-12-22 00:00:00,-0.1,-2.9,3,,,,6,,1029.2,
2020-12-23 00:00:00,0.7,-2,3,,,,5.9,,1027.3,
2020-12-24 00:00:00,1.4,-3,7.6,,,,6.5,,1020.1,
2020-12-25 00:00:00,6.4,1,12.8,,,,8.8,,1015.8,
2020-12-26 00:00:00,4.4,3.7,6.8,2,,,5.7,,1020.2,
2020-12-27 00:00:00,-1.5,-2.2,3,1.8,,,7.4,,1033.7,
2020-12-28 00:00:00,-1.8,-2.5,-0.7,0,,,7,,1034.5,
2020-12-29 00:00:00,-0.6,-4.4,3,,,,5.6,,1033.1,
2020-12-30 00:00:00,-2.1,-3.2,0.4,,,,4.6,,1034,
2020-12-31 00:00:00,-2.1,-3,-0.1,,,,6.6,,1034.6,
2021-01-01 00:00:00,-2.5,-4,0.4,,,,5.9,,1033.7,
2021-01-02 00:00:00,-3.1,-4.2,0,,,,5.2,,1032.7,
2021-01-03 00:00:00,-3.8,-5.3,0.5,,,,6,,1030.9,
2021-01-04 00:00:00,-5.4,-6.2,-4.4,,,,5.6,,1032.1,
2021-01-05 00:00:00,-5.2,-6.5,-3,0,,,7,,1033.5,
2021-01-06 00:00:00,-4.8,-8,-3.6,0.5,,,6,,1035.2,
2021-01-07 00:00:00,-5.4,-6.6,-4,0,,,6.8,,1037.5,
2021-01-08 00:00:00,-4.9,-8,-1,,,,4.3,,1039.6,
2021-01-09 00:00:00,-3.5,-9,4,,,,5.1,,1035.1,
2021-01-10 00:00:00,0,-7,12.4,,,,5.1,,1028.5,
2021-01-11 00:00:00,3.3,-5,14.4,,,,6,,1020.5,
2021-01-12 00:00:00,5.2,-3,14,,,,7.2,,1022.8,
2021-01-13 00:00:00,3.8,1,6.2,,,,5.9,,1026.5,
2021-01-14 00:00:00,6.2,1,15.3,,,,5.6,,1022.6,
2021-01-15 00:00:00,8,0,18,,,,5.1,,1016.8,
2021-01-16 00:00:00,10.4,2,22.6,,,,6.3,,1015,
2021-01-17 00:00:00,8.3,3,15,,,,8.2,,1014.2,
2021-01-18 00:00:00,9.9,3,17,,,,8.3,,1009.8,
2021-01-19 00:00:00,10.6,4,16.3,,,,11.8,,1014.6,
2021-01-20 00:00:00,9.8,5,17,,,,8.4,,1019.4,
2021-01-21 00:00:00,10,3,17.4,,,,9.5,,1008.2,
2021-01-22 00:00:00,-4.9,-5.4,7,15,,,13.2,,1029.8,
2021-01-23 00:00:00,-3.2,-7,0.2,,,,7.5,,1038.7,
2021-01-24 00:00:00,0.9,-1.7,4,,,,6.3,,1035,
2021-01-25 00:00:00,0.1,-4,4.1,,,,5.9,,1028.9,
2021-01-26 00:00:00,1.4,-4,8,,,,5.4,,1027.3,
2021-01-27 00:00:00,1.9,-4,8.3,,,,5.9,,1026.6,
2021-01-28 00:00:00,3.3,-3,10.3,,,,5.6,,1025.4,
2021-01-29 00:00:00,4.4,-3,14,,,,6.5,,1021.6,
2021-01-30 00:00:00,8.1,1,15.2,,,,9.4,,1015.1,
2021-01-31 00:00:00,12,7,18,,,,12.6,,1010.6,
2021-02-01 00:00:00,10.4,6.3,15.1,5.1,,,8.3,,1021.2,
2021-02-02 00:00:00,9.5,5,14.2,,,,7.6,,1026.1,
2021-02-03 00:00:00,7.8,2,14,,,,6.7,,1026.4,
2021-02-04 00:00:00,8,1,16,,,,6.6,,1023.4,
2021-02-05 00:00:00,9.7,2,18,,,,8.3,,1019.2,
2021-02-06 00:00:00,13.9,8,22,,,,10.9,,1014.6,
2021-02-07 00:00:00,10,7.4,14,,,,7.1,,1019.6,
2021-02-08 00:00:00,11.1,8,15,,,,9.1,,1016,
2021-02-09 00:00:00,9,6.9,11,,,,5.9,,1023.8,
2021-02-10 00:00:00,7.2,-7,17.2,,,,7.2,,1020.5,
2021-02-11 00:00:00,11.9,8,16,,,,9.6,,1020.3,
2021-02-12 00:00:00,12.4,5,20,,,,10.1,,1017.2,
2021-02-13 00:00:00,11.9,8,19,,,,8.4,,1017.5,
2021-02-14 00:00:00,12.4,6,20,,,,7.9,,1020.5,
2021-02-15 00:00:00,13.3,8,21,,,,11.3,,1020.5,
2021-02-16 00:00:00,14.3,9,22,,,,10.9,,1017.9,
2021-02-17 00:00:00,14,7,23,,,,8.3,,1016.3,
2021-02-18 00:00:00,16.5,7,26,,,,10,,1011.4,
2021-02-19 00:00:00,12,5,17,,,,12.9,,1014.1,
2021-02-20 00:00:00,6.2,5,8,,,,9.4,,1026,
2021-02-21 00:00:00,6.2,4,8,,,,7.3,,1026.4,
2021-02-22 00:00:00,6.9,3,10,,,,6.2,,1026,
2021-02-23 00:00:00,6.8,4,8,6.1,,,9.2,,1018.6,
2021-02-24 00:00:00,-1,-6.4,8,8.1,,,12,,1020.9,
2021-02-25 00:00:00,-8.4,-11,-6,,,,11.2,,1037.1,
2021-02-26 00:00:00,-6.6,-13,-1,,,,8.6,,1033.4,
2021-02-27 00:00:00,1,-3.1,6,,,,8.2,,1027.4,
2021-02-28 00:00:00,5.9,0,14,,,,7.6,,1022.3,
2021-03-01 00:00:00,10.5,3,20,,,,6.5,,1018.1,
2021-03-02 00:00:00,10.4,5,16,,,,8.8,,1021.1,
2021-03-03 00:00:00,8.3,6,12.1,0,,,7.1,,1021.9,
2021-03-04 00:00:00,9.3,6,15,1,,,10.8,,1018.7,
2021-03-05 00:00:00,7.1,2.7,12,,,,7.8,,1026.3,
2021-03-06 00:00:00,8.8,4,13.4,,,,7.2,,1013.5,
2021-03-07 00:00:00,7.7,3.5,10.5,4.3,,,9.1,,1018.7,
2021-03-08 00:00:00,9.9,6,15,,,,5.4,,1020.6,
2021-03-09 00:00:00,13.3,6,20,,,,10.2,,1014.1,
2021-03-10 00:00:00,10.4,7.7,16,3,,,12.7,,1015.7,
2021-03-11 00:00:00,9,5,14,,,,8.2,,1020.2,
2021-03-12 00:00:00,11.8,4,18.3,,,,8.3,,1010.1,
2021-03-13 00:00:00,8.8,5.2,14.7,3.3,,,12.6,,1008.7,
2021-03-14 00:00:00,-2.1,-4,2,9.1,,,11.7,,1025.7,
2021-03-15 00:00:00,0.3,-3.1,4,,,,7.3,,1027.9,
2021-03-16 00:00:00,4.7,0,15,,,,8.3,,1026.9,
2021-03-17 00:00:00,4.1,-1,10,,,,5.7,,1024.9,
2021-03-18 00:00:00,9.3,-2,19,,,,8,,1019.9,
2021-03-19 00:00:00,16.6,6,28,,,,12.3,,1009.1,
2021-03-20 00:00:00,11.9,9.2,17.2,26.9,,,13.8,,1011.7,
2021-03-21 00:00:00,11.8,7,17,,,,7.8,,1016.7,
2021-03-22 00:00:00,13.9,10.4,18,,,,9.4,,1011.9,
2021-03-23 00:00:00,10.7,6.7,13.2,,,,10.1,,1015.2,
2021-03-24 00:00:00,14.6,5,23,,,,9.7,,1014.3,
2021-03-25 00:00:00,19.1,14,25,,,,15.7,,1007.2,
2021-03-26 00:00:00,15.9,14,20.7,7.1,,,12.1,,1011.5,
2021-03-27 00:00:00,13.3,10,18,6.1,,,8.5,,1012.8,
2021-03-28 00:00:00,11.6,9,15,4.6,,,10.5,,1010.6,
2021-03-29 00:00:00,6.7,5.7,8.2,18,,,12,,1026.6,
2021-03-30 00:00:00,7.7,4,12.1,1,,,7.1,,1031,
2021-03-31 00:00:00,7.4,2,12,,,,9.1,,1028.5,
2021-04-01 00:00:00,5.1,1,8,,,,11.4,,1031.3,
2021-04-02 00:00:00,7.5,0,14.1,,,,5.6,,1026,
2021-04-03 00:00:00,12.6,2,21,,,,8.5,,1012.4,
2021-04-04 00:00:00,11.7,9.6,16.4,14,,,7.7,,1009.6,
2021-04-05 00:00:00,11.2,7,15,,,,10.6,,1022.9,
2021-04-06 00:00:00,13,6,19,,,,8.9,,1019.9,
2021-04-07 00:00:00,15.1,8,21.1,,,,7.8,,1020.7,
2021-04-08 00:00:00,16.6,9,23,,,,10.5,,1019.9,
2021-04-09 00:00:00,18,11,24,,,,10.9,,1017.1,
2021-04-10 00:00:00,18.6,11,25,,,,9.2,,1016.8,
2021-04-11 00:00:00,12.8,8.7,16,,,,9.5,,1018,
2021-04-12 00:00:00,12.1,6.3,17.6,,,,6.2,,1019.4,
2021-04-13 00:00:00,15.3,8,22,,,,6,,1020.1,
2021-04-14 00:00:00,18.9,11,25,,,,10.5,,1015,
2021-04-15 00:00:00,16.9,13,23.5,0,,,8,,1014.3,
2021-04-16 00:00:00,17.4,10,24,,,,8.5,,1016.1,
2021-04-17 00:00:00,19,12,24,,,,11.2,,1017,
2021-04-18 00:00:00,17.7,12.9,24,,,,8.2,,1019.3,
2021-04-19 00:00:00,19.5,13,25.3,,,,8.8,,1015.3,
2021-04-20 00:00:00,19.2,13.5,26,,,,10.2,,1011.2,
2021-04-21 00:00:00,9.6,8,15,7.1,,,11.4,,1018.1,
2021-04-22 00:00:00,12.5,6,18,,,,6.1,,1025.4,
2021-04-23 00:00:00,16.6,8.5,24,,,,8.5,,1022.7,
2021-04-24 00:00:00,18.4,10.5,25,,,,7.7,,1019.6,
2021-04-25 00:00:00,21.8,13,29,,,,10.3,,1019.5,
2021-04-26 00:00:00,22,13.5,30,,,,8.5,,1017.7,
2021-04-27 00:00:00,24.7,16,33,,,,8.5,,1012.9,
2021-04-28 00:00:00,25.9,17,34,,,,9.1,,1012.7,
2021-04-29 00:00:00,26.6,18,35,,,,7.1,,1009.8,
2021-04-30 00:00:00,22,16.6,26.2,,,,12.8,,1012.4,
2021-05-01 00:00:00,19.8,13.7,25.3,,,,8.9,,1016.2,
2021-05-02 00:00:00,23.2,15,30,,,,8.5,,1013.3,
2021-05-03 00:00:00,25.5,17,32,,,,10.9,,1010.4,
2021-05-04 00:00:00,26.5,18.6,34,,,,8.3,,1004.8,
2021-05-05 00:00:00,22.1,17.8,25,,,,10.8,,1007.8,
2021-05-06 00:00:00,21.4,17,27,,,,10.5,,1013.2,
2021-05-07 00:00:00,23.1,17.8,29,,,,9,,1014.5,
2021-05-08 00:00:00,25,18.4,31,,,,8.6,,1013.8,
2021-05-09 00:00:00,20.1,17,22,,,,10.3,,1014.3,
2021-05-10 00:00:00,19.6,15.9,25.3,0,,,7.1,,1012.4,
2021-05-11 00:00:00,20.8,14,28,,,,8.8,,1015.1,
2021-05-12 00:00:00,22.2,14,29,,,,9.5,,1013.8,
2021-05-13 00:00:00,23.1,15,31,,,,10.6,,1011.9,
2021-05-14 00:00:00,22.2,15,30,,,,9.8,,1012.6,
2021-05-15 00:00:00,22.4,15.6,30,,,,9.4,,1010.7,
2021-05-16 00:00:00,22.6,16,30,,,,9.4,,1010.9,
2021-05-17 00:00:00,25.4,15.1,33,,,,10,,1011,
2021-05-18 00:00:00,27.4,19.9,34,,,,11.5,,1008.1,
2021-05-19 00:00:00,27.4,20,34,,,,11.4,,1006.1,
2021-05-20 00:00:00,27.1,21.6,34,,,,14,,1009,
2021-05-21 00:00:00,26.2,19.2,32,,,,11.2,,1013.2,
2021-05-22 00:00:00,26.4,18.6,32,,,,9.1,,1011.7,
2021-05-23 00:00:00,25.8,18.8,33,,,,9.7,,1008.2,
2021-05-24 00:00:00,24,19,30,,,,11.6,,1011.6,
2021-05-25 00:00:00,26.9,20,33,,,,8.8,,1010.2,
2021-05-26 00:00:00,27.6,22.5,35,,,,15.8,,1008.2,
2021-05-27 00:00:00,29,21.6,35,,,,12.3,,1008.3,
2021-05-28 00:00:00,30.4,24,37,,,,12.9,,1008.8,
2021-05-29 00:00:00,30.7,22.3,37,,,,12,,1008.4,
2021-05-30 00:00:00,30.4,24,36,,,,11.1,,1009.5,
2021-05-31 00:00:00,30.7,22,38,,,,9.7,,1007.6,
2021-06-01 00:00:00,31.7,23,39,,,,11.2,,1005.1,
2021-06-02 00:00:00,31.5,25,38,,,,11.8,,1006.4,
2021-06-03 00:00:00,32.4,27,38,,,,15.7,,1007.6,
2021-06-04 00:00:00,31.6,23,38,,,,7.7,,1010.1,
2021-06-05 00:00:00,33.8,24.9,41.1,,,,10.5,,1006.7,
2021-06-06 00:00:00,34.7,26,42,,,,13.1,,1002.8,
2021-06-07 00:00:00,34.2,27.8,41,,,,15.5,,1002.6,
2021-06-08 00:00:00,29.9,26,34,,,,8.4,,1007.8,
2021-06-09 00:00:00,29.3,23.7,35,,,,9.1,,1008.8,
2021-06-10 00:00:00,29.1,19.6,35,,,,9.6,,1006.8,
2021-06-11 00:00:00,29.2,21.3,35,,,,9.6,,1005.5,
2021-06-12 00:00:00,29,21.8,35,,,,10.2,,1005,
2021-06-13 00:00:00,27.6,20,33,,,,8.7,,1006.9,
2021-06-14 00:00:00,25.8,19,32,,,,10.6,,1006.6,
2021-06-15 00:00:00,26.2,19,33,,,,8.2,,1006.3,
2021-06-16 00:00:00,27.6,19.4,34,,,,8.3,,1007.1,
2021-06-17 00:00:00,28.2,20.8,34,,,,9.5,,1006.6,
2021-06-18 00:00:00,28.7,21,34.3,,,,7.8,,1007,
2021-06-19 00:00:00,29.7,21.5,37,,,,12.6,,1007.1,
2021-06-20 00:00:00,26.6,20,32.7,,,,10.6,,1009,
2021-06-21 00:00:00,25.8,18,33,,,,8.5,,1011.6,
2021-06-22 00:00:00,27.6,19,34,,,,11.1,,1011.7,
2021-06-23 00:00:00,25.7,17,33,,,,7.4,,1011.7,
2021-06-24 00:00:00,28,18.8,35,,,,8.2,,1009.2,
2021-06-25 00:00:00,27.9,21,34,,,,11.6,,1007.8,
2021-06-26 00:00:00,26.2,18,34,,,,7.6,,1007.6,
2021-06-27 00:00:00,29,19.7,37,,,,9.1,,1007.2,
2021-06-28 00:00:00,31.3,22.2,39,,,,9,,1006.7,
2021-06-29 00:00:00,31.2,23,39,,,,9.1,,1006.1,
2021-06-30 00:00:00,31.7,23.5,39,,,,11.5,,1005.8,
2021-07-01 00:00:00,32.4,26.2,40,,,,12.5,,1004.4,
2021-07-02 00:00:00,32.7,24.8,40,,,,11.1,,1002.4,
2021-07-03 00:00:00,33.2,26.5,40.2,,,,10.8,,1001.2,
2021-07-04 00:00:00,34.4,26,41,,,,9.4,,1000.7,
2021-07-05 00:00:00,34.6,25.2,42,,,,11.2,,999.7,
2021-07-06 00:00:00,34.4,27.1,41,,,,9.7,,1002.2,
2021-07-07 00:00:00,35.5,28,42,,,,9.9,,1003.6,
2021-07-08 00:00:00,35.8,27,43,,,,9.4,,1004.1,
2021-07-09 00:00:00,33.6,27.3,39.4,,,,10,,1003.6,
2021-07-10 00:00:00,30.2,25.1,34,,,,9.4,,1005.3,
2021-07-11 00:00:00,28.8,23,33,,,,8.6,,1007.6,
2021-07-12 00:00:00,29.3,22.9,34.4,,,,9.9,,1005.8,
2021-07-13 00:00:00,28.9,22.5,35,,,,11.2,,1004.7,
2021-07-14 00:00:00,29.7,23.5,35,,,,13.2,,1004,
2021-07-15 00:00:00,27.3,21.6,32,,,,13.1,,1007.4,
2021-07-16 00:00:00,24.1,20.8,26.4,,,,10.1,,1012.8,
2021-07-17 00:00:00,27,17.8,35.2,,,,8.5,,1011.9,
2021-07-18 00:00:00,29,22.5,35.7,,,,10,,1007.4,
2021-07-19 00:00:00,30.4,22.5,38,,,,9.4,,1003.1,
2021-07-20 00:00:00,31.4,23.5,39,,,,7.9,,1000.7,
2021-07-21 00:00:00,30.9,22.8,37.3,0.3,,,8.5,,1001.4,
2021-07-22 00:00:00,30.4,23.1,36,,,,8,,1000.1,
2021-07-23 00:00:00,31.7,22.4,39,,,,8.6,,1000.4,
2021-07-24 00:00:00,34.3,23.9,42,,,,9,,1002.2,
2021-07-25 00:00:00,35.7,26.4,43,,,,8.8,,1004.2,
2021-07-26 00:00:00,35.2,25.1,43,,,,12.7,,1003.2,
2021-07-27 00:00:00,31.5,25,38,,,,11.7,,1001.7,
2021-07-28 00:00:00,28.1,22,34,,,,9.6,,1001.2,
2021-07-29 00:00:00,30.2,23,37,,,,10.3,,1002.2,
2021-07-30 00:00:00,29.6,25,34,,,,11.1,,1006.1,
2021-07-31 00:00:00,29.7,21.4,37.4,,,,9,,1004.9,
2021-08-01 00:00:00,29.5,22.8,36,,,,9.4,,1002.8,
2021-08-02 00:00:00,31.2,24,37,,,,8.3,,1003.2,
2021-08-03 00:00:00,31.6,24.2,38,,,,9.1,,1004.6,
2021-08-04 00:00:00,31,23.9,38.2,,,,8.8,,1005.5,
2021-08-05 00:00:00,31.8,24.3,38,,,,10,,1005.3,
2021-08-06 00:00:00,31.5,25.4,37.3,,,,7.9,,1004.9,
2021-08-07 00:00:00,32.3,24.7,39,,,,9.6,,1005.6,
2021-08-08 00:00:00,32,23.6,39.1,,,,7.9,,1007.2,
2021-08-09 00:00:00,30.1,23.6,36,,,,12.8,,1008,
2021-08-10 00:00:00,27.5,19.2,35.2,,,,6.3,,1008.5,
2021-08-11 00:00:00,28.6,20.4,36.2,,,,8.1,,1006.1,
2021-08-12 00:00:00,29.2,21,36,,,,12.7,,1006.8,
2021-08-13 00:00:00,28.1,22,32.3,,,,14.6,,1008.3,
2021-08-14 00:00:00,25.6,17.8,32,,,,11.9,,1007.8,
2021-08-15 00:00:00,24.9,17.9,30,,,,11.5,,1008.6,
2021-08-16 00:00:00,23.8,16.7,30,,,,7,,1012.1,
2021-08-17 00:00:00,24.9,17,32,,,,8.3,,1011.1,
2021-08-18 00:00:00,26,18,33,,,,7.9,,1007.6,
2021-08-19 00:00:00,27,19,35,,,,9.6,,1006,
2021-08-20 00:00:00,28.2,20.2,35.1,,,,9.3,,1006,
2021-08-21 00:00:00,30.3,22.4,37.5,,,,10.5,,1006.6,
2021-08-22 00:00:00,30.2,23,38,,,,9.7,,1007.9,
2021-08-23 00:00:00,30.2,23.8,36,,,,7.9,,1007.7,
2021-08-24 00:00:00,29.8,22.8,36,,,,8.5,,1009.2,
2021-08-25 00:00:00,29.9,21.6,37,,,,10.3,,1008.4,
2021-08-26 00:00:00,30,21.2,37,,,,9.6,,1006.1,
2021-08-27 00:00:00,29.6,20.8,37,,,,8.3,,1005.9,
2021-08-28 00:00:00,29.1,21.2,36,,,,9,,1006.2,
2021-08-29 00:00:00,28.9,20.8,36,,,,8.6,,1005.7,
2021-08-30 00:00:00,28.2,21,35,,,,8.9,,1006.8,
2021-08-31 00:00:00,27.8,22.1,33,,,,8.3,,1008.9,
2021-09-01 00:00:00,26.5,19.4,32,,,,9.4,,1012.4,
2021-09-02 00:00:00,26.9,19.3,33.4,,,,10,,1009.4,
2021-09-03 00:00:00,25.9,17.2,34,,,,7.3,,1006.4,
2021-09-04 00:00:00,26.9,18.9,35.2,,,,8.4,,1008.6,
2021-09-05 00:00:00,28.1,19,37,,,,7.9,,1011.1,
2021-09-06 00:00:00,25.8,19,34.2,,,,7.9,,1011.7,
2021-09-07 00:00:00,27.7,18.8,37,,,,7.6,,1012,
2021-09-08 00:00:00,28.4,19,36.1,,,,10.3,,1012.3,
2021-09-09 00:00:00,24.9,17,31,,,,10.6,,1012.7,
2021-09-10 00:00:00,20.8,16.8,26,,,,6.8,,1014.7,
2021-09-11 00:00:00,21.6,14.1,29,,,,8.6,,1013.2,
2021-09-12 00:00:00,22.4,14,29,,,,10,,1013.8,
2021-09-13 00:00:00,22.5,13,30.1,,,,8.7,,1012.5,
2021-09-14 00:00:00,23.6,15.3,31,,,,7.4,,1013.1,
2021-09-15 00:00:00,25.3,16.1,34,,,,7.7,,1012.3,
2021-09-16 00:00:00,25.2,17.6,33,,,,8.1,,1012,
2021-09-17 00:00:00,25.1,16.2,34,,,,7.6,,1008.4,
2021-09-18 00:00:00,27,17.8,36,,,,9.4,,1007.8,
2021-09-19 00:00:00,24.8,17,32.4,,,,9.4,,1011.8,
2021-09-20 00:00:00,20.2,13,27.3,,,,7.6,,1014.7,
2021-09-21 00:00:00,21,14,28,,,,8.7,,1012.9,
2021-09-22 00:00:00,20.9,13.8,27.3,,,,7.8,,1012.7,
2021-09-23 00:00:00,21.8,13.5,29,,,,8.4,,1012.9,
2021-09-24 00:00:00,22.1,13,30,,,,7.4,,1013.9,
2021-09-25 00:00:00,22.9,13.8,32,,,,8.6,,1013.2,
2021-09-26 00:00:00,25.5,16,36,,,,7.8,,1007.3,
2021-09-27 00:00:00,20.3,15.7,23.4,,,,8,,1015.6,
2021-09-28 00:00:00,20.2,13.5,26,,,,7.4,,1014.6,
2021-09-29 00:00:00,21.5,15,27.6,,,,8,,1014.8,
2021-09-30 00:00:00,19.2,14.9,24.2,,,,10.6,,1017.4,
2021-10-01 00:00:00,15.3,11.7,20.3,,,,11.1,,1021,
2021-10-02 00:00:00,11.2,8.9,16,0.5,,,8.7,,1025.1,
2021-10-03 00:00:00,12.4,6.3,18,,,,8,,1024.1,
2021-10-04 00:00:00,12.8,5.8,19,,,,6.4,,1022.5,
2021-10-05 00:00:00,13.8,7.9,20,,,,8,,1018.9,
2021-10-06 00:00:00,12.7,9.9,18,0.3,,,9,,1022,
2021-10-07 00:00:00,12.7,7.2,18.3,0,,,7.6,,1023,
2021-10-08 00:00:00,13.4,10.7,17,,,,8.6,,1022.3,
2021-10-09 00:00:00,9.9,8.9,11,18,,,8.8,,1023.3,
2021-10-10 00:00:00,10.6,7,14,,,,6.3,,1027.6,
2021-10-11 00:00:00,10.9,5,17,,,,7.2,,1028.9,
2021-10-12 00:00:00,12.6,5.8,20,,,,7.7,,1026.6,
2021-10-13 00:00:00,13.1,6,21,,,,7.4,,1022.1,
2021-10-14 00:00:00,14.4,7,22,,,,6.3,,1020.7,
2021-10-15 00:00:00,14.2,7.4,22,,,,7,,1020.8,
2021-10-16 00:00:00,14.6,7,22.4,,,,7.4,,1018.6,
2021-10-17 00:00:00,14.6,7,23,,,,7.6,,1017,
2021-10-18 00:00:00,14.5,7,23,,,,6.8,,1014.4,
2021-10-19 00:00:00,15.6,7.9,24,,,,7,,1014.8,
2021-10-20 00:00:00,17.1,11,23,,,,6.1,,1016.5,
2021-10-21 00:00:00,10.7,6.8,17,6.1,,,13.1,,1020.9,
2021-10-22 00:00:00,8.2,5.3,11,0,,,10,,1031.6,
2021-10-23 00:00:00,9.4,3.1,16,,,,8.8,,1031.1,
2021-10-24 00:00:00,10.6,4,18,,,,7.8,,1020.9,
2021-10-25 00:00:00,12.8,6,21,,,,7.4,,1016.2,
2021-10-26 00:00:00,14.2,6.9,21.7,,,,7.1,,1020.1,
2021-10-27 00:00:00,14.9,10,20.2,,,,7,,1023.2,
2021-10-28 00:00:00,8.4,6,11.8,5.1,,,7.6,,1025.4,
2021-10-29 00:00:00,8.6,5.7,12.2,0,,,6.7,,1030.2,
2021-10-30 00:00:00,10.7,3.6,18,,,,5.9,,1030.5,
2021-10-31 00:00:00,10.8,7.1,15,,,,6.8,,1031.8,
2021-11-01 00:00:00,10.2,4.8,17,,,,7.3,,1031.5,
2021-11-02 00:00:00,11.2,5,19,,,,8,,1024.7,
2021-11-03 00:00:00,10.9,6,17,,,,5.7,,1019.6,
2021-11-04 00:00:00,6.4,-2.2,10,,,,11.2,,1022.6,
2021-11-05 00:00:00,-0.5,-3.7,3,,,,7.8,,1034.3,
2021-11-06 00:00:00,3,-1.9,8,,,,5.4,,1031.4,
2021-11-07 00:00:00,4.7,-0.6,11,,,,6.8,,1025.9,
2021-11-08 00:00:00,5.6,0,10,,,,5.2,,1026.7,
2021-11-09 00:00:00,7.9,5.4,11.9,,,,5.1,,1027.6,
2021-11-10 00:00:00,8,2,13.1,,,,5.4,,1025.1,
2021-11-11 00:00:00,10.2,5,17,,,,5.8,,1023.8,
2021-11-12 00:00:00,10.2,4,17.7,,,,6.5,,1025.8,
2021-11-13 00:00:00,7.6,4,13.6,,,,6.5,,1024.7,
2021-11-14 00:00:00,6.5,3,9,,,,7.6,,1025.4,
2021-11-15 00:00:00,7.8,5,12,,,,6.8,,1027.8,
2021-11-16 00:00:00,9.8,3,17,,,,6,,1014,
2021-11-17 00:00:00,-1.3,-4,11,18,,,9.7,,1029,
2021-11-18 00:00:00,-1.3,-6,5,,,,7.9,,1032.9,
2021-11-19 00:00:00,0.1,-3.7,5,,,,7.1,,1031.5,
2021-11-20 00:00:00,2.1,-3.2,9.4,,,,6.8,,1019.5,
2021-11-21 00:00:00,7.5,0,16.8,,,,7.8,,1017.3,
2021-11-22 00:00:00,8.6,3,14,,,,7.7,,1024.2,
2021-11-23 00:00:00,11.2,5,19,,,,6.8,,1020.2,
2021-11-24 00:00:00,11.3,6,18.8,,,,6.3,,1018,
2021-11-25 00:00:00,11.6,5,17.8,,,,7.9,,1019.2,
2021-11-26 00:00:00,5.4,2,8,,,,8.7,,1030.2,
2021-11-27 00:00:00,3.6,0.6,9,,,,6.5,,1027.9,
2021-11-28 00:00:00,4.9,-1,13.1,,,,5.1,,1023.7,
2021-11-29 00:00:00,7.3,1,16.6,,,,4.8,,1023.5,
2021-11-30 00:00:00,9.3,3,17.3,,,,5.9,,1022.3,
2021-12-01 00:00:00,12.7,4,21,,,,12.1,,1017.8,
2021-12-02 00:00:00,16.1,10,23,,,,15.8,,1013.1,
2021-12-03 00:00:00,15.4,10,21,,,,7.7,,1016.6,
2021-12-04 00:00:00,8,5.8,10.8,,,,6,,1020.8,
2021-12-05 00:00:00,6.6,3,10,,,,4.9,,1022.8,
2021-12-06 00:00:00,8.1,3,14,,,,5.8,,1022.3,
2021-12-07 00:00:00,9.9,6,16,,,,5,,1023.5,
2021-12-08 00:00:00,7.2,4,11.3,,,,5.4,,1030.2,
2021-12-09 00:00:00,6.2,0,16.1,,,,6.2,,1029.2,
2021-12-10 00:00:00,7.5,-1,16.1,,,,7.2,,1022.1,
2021-12-11 00:00:00,7.9,3,13.5,,,,6.2,,1023.9,
2021-12-12 00:00:00,8,4,11.3,,,,5.6,,1025.5,
2021-12-13 00:00:00,6.6,4,9,1.5,,,6,,1025.1,
2021-12-14 00:00:00,3.3,2.3,6,6.4,,,10.6,,1029.7,
2021-12-15 00:00:00,3,2,4,0.8,,,6.7,,1035.4,
2021-12-16 00:00:00,2.8,-0.2,6,,,,7.3,,1033.2,
2021-12-17 00:00:00,2.9,-2,10.8,,,,4.9,,1025.7,
2021-12-18 00:00:00,7.2,0,16,,,,5.6,,1017.6,
2021-12-19 00:00:00,7.7,3,11.2,,,,8.5,,1015.5,
2021-12-20 00:00:00,10,5,15.3,,,,8.2,,1021.6,
2021-12-21 00:00:00,10.9,6,17,,,,12.6,,1014.8,
2021-12-22 00:00:00,12.2,8,17.1,,,,10,,1012.7,
2021-12-23 00:00:00,9.3,5.7,13,,,,9.1,,1020.3,
2021-12-24 00:00:00,6.2,2,11,,,,5.9,,1020.6,
2021-12-25 00:00:00,6.4,3,10,,,,8.8,,1018.5,
2021-12-26 00:00:00,0.7,-2,7,24.9,,,7.3,,1024.5,
2021-12-27 00:00:00,-1,-3.3,1,,,,5.4,,1032.6,
2021-12-28 00:00:00,-0.6,-6.1,6,,,,5.4,,1029,
2021-12-29 00:00:00,1.4,-3,8.4,,,,6.2,,1023.3,
2021-12-30 00:00:00,2.6,-4,12.2,,,,5.6,,1022.2,
2021-12-31 00:00:00,8,2,14,,,,11.4,,1021.2,
2022-01-01 00:00:00,7,3,9.4,,,,7.3,,1019.1,
2022-01-02 00:00:00,7.8,4,12,1,,,6.2,,1018.3,
2022-01-03 00:00:00,9.3,7,12.1,1,,,12.8,,1008.8,
2022-01-04 00:00:00,5.9,3,10,13,,,10,,1013.6,
2022-01-05 00:00:00,5,3,8,,,,6.4,,1016,
2022-01-06 00:00:00,5.1,3.8,6,,,,7.6,,1020.7,
2022-01-07 00:00:00,3.6,1.3,7,4.1,,,8.2,,1028,
2022-01-08 00:00:00,2.9,-0.3,8.2,,,,5.9,,1024,
2022-01-09 00:00:00,1.5,-1,6,,,,6,,1027.5,
2022-01-10 00:00:00,0.7,0,3,,,,6,,1026.6,
2022-01-11 00:00:00,2.8,-2,11.2,,,,6.6,,1022.8,
2022-01-12 00:00:00,7.3,1,15.4,,,,7.9,,1016.5,
2022-01-13 00:00:00,6.9,6,8.6,0,,,7.7,,1018.4,
2022-01-14 00:00:00,10.5,5,17,,,,9.2,,1012.7,
2022-01-15 00:00:00,11.4,9.5,14,0,,,13.8,,1007.3,
2022-01-16 00:00:00,11.2,9,13,1.8,,,11.4,,1010.4,
2022-01-17 00:00:00,6.8,5.6,8.5,9.4,,,8,,1016.7,
2022-01-18 00:00:00,8.6,5,13,,,,7.2,,1016.2,
2022-01-19 00:00:00,4.6,1.8,8,4.1,,,13.6,,1016,
2022-01-20 00:00:00,4.2,0,10,,,,6.8,,1020.7,
2022-01-21 00:00:00,4,-2,10,,,,6.9,,1008.7,
2022-01-22 00:00:00,2.1,0,3.1,,,,7.4,,1022,
2022-01-23 00:00:00,1.4,-0.4,2,0.3,,,8.3,,1025,
2022-01-24 00:00:00,2.3,-1.2,6,,,,7.4,,1024,
2022-01-25 00:00:00,1.7,-2,7,,,,7.8,,1023.4,
2022-01-26 00:00:00,1.5,-2.3,7,,,,5.4,,1026.8,
2022-01-27 00:00:00,5,1,11.4,,,,10,,1021.9,
2022-01-28 00:00:00,6.8,3,11,,,,10.6,,1012.2,
2022-01-29 00:00:00,4.9,2,8,,,,9.7,,1024.3,
2022-01-30 00:00:00,4.3,0.6,9.3,,,,9.2,,1022.8,
2022-01-31 00:00:00,2.6,0.8,7,,,,7.7,,1021.7,
2022-02-01 00:00:00,5.6,-1,14,,,,7,,1021.3,
2022-02-02 00:00:00,5.8,2,9.3,,,,8.8,,1019.5,
2022-02-03 00:00:00,4.6,-1,11,,,,6.5,,1028.2,
2022-02-04 00:00:00,6.3,1,13,,,,10.5,,1019,
2022-02-05 00:00:00,7.8,-1,17,,,,10.5,,1006.6,
2022-02-06 00:00:00,4.8,2.1,12.6,22.1,,,11.3,,1010.3,
2022-02-07 00:00:00,3.4,0.5,6,,,,9.4,,1024.1,
2022-02-08 00:00:00,3.8,0.7,8,5.1,,,8.4,,1021,
2022-02-09 00:00:00,3.9,0.3,8,4.1,,,5.7,,1024.3,
2022-02-10 00:00:00,5.1,0,11,,,,10.3,,1024.4,
2022-02-11 00:00:00,8.6,4.8,14.4,,,,10.6,,1019.3,
2022-02-12 00:00:00,3.3,1.1,7.5,17,,,9.3,,1024.7,
2022-02-13 00:00:00,3.8,1.9,6,,,,6.3,,1024.5,
2022-02-14 00:00:00,3.4,-0.3,7,2,,,8.8,,1025.3,
2022-02-15 00:00:00,1.3,-2.7,6,,,,8.6,,1030.5,
2022-02-16 00:00:00,2.4,-0.4,6,,,,6.2,,1027.7,
2022-02-17 00:00:00,3.6,-1.5,10,,,,8,,1025,
2022-02-18 00:00:00,5.6,-1,13,,,,9.5,,1021.1,
2022-02-19 00:00:00,8.1,1,17,,,,8,,1019.8,
2022-02-20 00:00:00,10.5,2,18,,,,9.2,,1021.7,
2022-02-21 00:00:00,11.2,6,17,,,,10.8,,1015.6,
2022-02-22 00:00:00,9.1,3,14,,,,8.2,,1012.3,
2022-02-23 00:00:00,9.9,5,15,,,,7,,1020.7,
2022-02-24 00:00:00,10.2,6,15,,,,7.7,,1022.9,
2022-02-25 00:00:00,9.5,5,15,,,,6.3,,1025.5,
2022-02-26 00:00:00,10.2,5,15.4,,,,7.2,,1022.6,
2022-02-27 00:00:00,12.2,5,20,,,,8.6,,1018,
2022-02-28 00:00:00,11.9,7,16.5,0.8,,,11.5,,1019.4,
2022-03-01 00:00:00,9.8,7.5,14.1,0.3,,,9.8,,1023.3,
2022-03-02 00:00:00,9.9,5,15,,,,6.6,,1024.5,
2022-03-03 00:00:00,12.2,6,20,,,,7.1,,1019.7,
2022-03-04 00:00:00,15.2,7,22,,,,11.7,,1012.7,
2022-03-05 00:00:00,13.5,9.6,17,,,,9.6,,1010.9,
2022-03-06 00:00:00,10.4,7,15.4,5.6,,,10.3,,1012.6,
2022-03-07 00:00:00,7.9,5.5,13.5,18,,,10.6,,1016.4,
2022-03-08 00:00:00,7.4,4.5,10,,,,6.9,,1017.2,
2022-03-09 00:00:00,9.7,7.7,16,11.9,,,11.2,,1012.7,
2022-03-10 00:00:00,11.3,5,18,,,,8.3,,1015.3,
2022-03-11 00:00:00,11.9,10.2,16,10.9,,,11.2,,1011.7,
2022-03-12 00:00:00,14,9.1,20,27.9,,,8.3,,1010.2,
2022-03-13 00:00:00,11.8,10,13,16,,,7.4,,1017.6,
2022-03-14 00:00:00,10.7,7.7,14,8.1,,,9.7,,1020.3,
2022-03-15 00:00:00,6.3,5.3,9,16,,,8,,1022.1,
2022-03-16 00:00:00,8.5,4,14,2,,,8.2,,1015.5,
2022-03-17 00:00:00,8,5,13,7.9,,,11.7,,1013.3,
2022-03-18 00:00:00,2,0,4,18,,,7.9,,1027.3,
2022-03-19 00:00:00,3.7,0.2,6,,,,6.2,,1028,
2022-03-20 00:00:00,5.2,1.9,9,,,,6.8,,1025.9,
2022-03-21 00:00:00,6.3,0,13,,,,10.8,,1021.2,
2022-03-22 00:00:00,7.3,4,11,,,,7.6,,1020.4,
2022-03-23 00:00:00,3.4,0.5,8,10.4,,,7.9,,1024.8,
2022-03-24 00:00:00,3.9,1.8,6.1,12.2,,,6.8,,1026.9,
2022-03-25 00:00:00,9.3,2,17,,,,7.7,,1017.8,
2022-03-26 00:00:00,12.3,7.8,18,1,,,14.9,,1010,
2022-03-27 00:00:00,9.6,5,13,,,,7.6,,1022.1,
2022-03-28 00:00:00,10.9,5,17,,,,8.5,,1018.8,
2022-03-29 00:00:00,6.5,3.3,10,,,,11.5,,1028.6,
2022-03-30 00:00:00,9.2,1,17,,,,10.3,,1031,
2022-03-31 00:00:00,13.5,5,22,,,,7.9,,1022.8,
2022-04-01 00:00:00,16.6,8,25,,,,8.2,,1020,
2022-04-02 00:00:00,16.8,11,23,,,,7.7,,1021.9,
2022-04-03 00:00:00,17.7,10,26,,,,9.2,,1018.5,
2022-04-04 00:00:00,19.6,12,27,,,,7.8,,1014.2,
2022-04-05 00:00:00,22.1,14,30.2,,,,9,,1015,
2022-04-06 00:00:00,23.8,16,32.2,,,,12.7,,1012.5,
2022-04-07 00:00:00,22.3,14,28,,,,10,,1012.7,
2022-04-08 00:00:00,22.4,17,29,,,,9.7,,1010.6,
2022-04-09 00:00:00,23.8,18,29.6,,,,10.9,,1010,
2022-04-10 00:00:00,22.8,16,29,,,,8.6,,1012.3,
2022-04-11 00:00:00,23.2,18,29,,,,11.7,,1006.9,
2022-04-12 00:00:00,21.3,18,26,,,,9.9,,1011.1,
2022-04-13 00:00:00,21.1,14.8,27,,,,9.7,,1010.6,
2022-04-14 00:00:00,21.2,13,27,,,,6.6,,1012.7,
2022-04-15 00:00:00,21.4,14,28,,,,7.4,,1013.2,
2022-04-16 00:00:00,22.3,12,31,,,,8,,1010.9,
2022-04-17 00:00:00,22.8,16,29.5,,,,8.6,,1008.8,
2022-04-18 00:00:00,22.7,16,29,,,,7.9,,1010.2,
2022-04-19 00:00:00,20.2,16.6,25.2,0,,,9.4,,1013.7,
2022-04-20 00:00:00,16.2,13.9,19.6,3,,,8,,1014.8,
2022-04-21 00:00:00,17.3,12.6,22,,,,7.1,,1015.1,
2022-04-22 00:00:00,19.7,12.9,26,,,,6.8,,1014.4,
2022-04-23 00:00:00,21.9,14.1,28.3,,,,9.5,,1013.1,
2022-04-24 00:00:00,19.3,16,25,4.1,,,11.5,,1014.2,
2022-04-25 00:00:00,18.7,14,24,,,,9.8,,1017.3,
2022-04-26 00:00:00,19.8,12.9,26,,,,8.8,,1015.7,
2022-04-27 00:00:00,21.5,16.2,27,,,,10,,1016.6,
2022-04-28 00:00:00,22.4,14.4,30,,,,9,,1013,
2022-04-29 00:00:00,24.3,20,31,,,,7.7,,1013.2,
2022-04-30 00:00:00,25.9,17.7,32,1,,,9.1,,1011.3,
2022-05-01 00:00:00,27.2,20,34,,,,12.1,,1005.6,
2022-05-02 00:00:00,26,19.8,31.6,,,,12.3,,1002.8,
2022-05-03 00:00:00,20.6,18.3,25.2,2,,,9.6,,1006.3,
2022-05-04 00:00:00,20.9,17.5,25,,,,8.2,,1011.1,
2022-05-05 00:00:00,22.7,16.5,28,,,,9.1,,1013.1,
2022-05-06 00:00:00,22.8,17.6,29,,,,6.8,,1012.7,
2022-05-07 00:00:00,25.8,17.8,32,,,,9.6,,1013.6,
2022-05-08 00:00:00,27.4,19.6,35,,,,9.6,,1009.9,
2022-05-09 00:00:00,27.9,20,35,,,,10.8,,1005.5,
2022-05-10 00:00:00,19.2,14.9,22,13,,,13.1,,1014.4,
2022-05-11 00:00:00,21.7,16.5,26,,,,10.2,,1016.5,
2022-05-12 00:00:00,22.2,14.9,29,,,,9.4,,1013.7,
2022-05-13 00:00:00,20,15.8,25,,,,9.6,,1012.5,
2022-05-14 00:00:00,15.7,13,18,3,,,9.6,,1016.6,
2022-05-15 00:00:00,19.5,12,26,,,,7.1,,1017.4,
2022-05-16 00:00:00,23,14.6,30,,,,7.9,,1012.6,
2022-05-17 00:00:00,25.2,18.3,31,,,,10.9,,1008.3,
2022-05-18 00:00:00,23.8,19.1,29,,,,11.1,,1010.8,
2022-05-19 00:00:00,26.4,18.3,31,99.1,,,12.8,,1012,
2022-05-20 00:00:00,23.6,19,29.5,0,,,9.7,,1009.6,
2022-05-21 00:00:00,25.3,18.8,32,,,,13.7,,1006.9,
2022-05-22 00:00:00,15,13,18.2,19.1,,,14.3,,1016.6,
2022-05-23 00:00:00,16.9,9.5,22,,,,8.1,,1014,
2022-05-24 00:00:00,22.6,13.3,30,,,,8.8,,1006.9,
2022-05-25 00:00:00,26.1,16,35,,,,9.2,,1007.8,
2022-05-26 00:00:00,27.4,20.2,33,,,,9.6,,1009.7,
2022-05-27 00:00:00,22.6,18,28,,,,12.6,,1011.2,
2022-05-28 00:00:00,19.4,14.9,23.3,1.6,,,10.3,,1018.9,
2022-05-29 00:00:00,20.1,13.3,25,0,,,12,,1019.9,
2022-05-30 00:00:00,19.5,12.8,25,0,,,10.4,,1016,
2022-05-31 00:00:00,22.9,14.5,29,0,,,8.8,,1014.5,
2022-06-01 00:00:00,25.2,17.1,32,0,,,9.9,,1012.5,
2022-06-02 00:00:00,26.3,18.2,33.2,0,,,10.8,,1011.5,
2022-06-03 00:00:00,25.8,20,31,0.4,,,15.7,,1009.8,
2022-06-04 00:00:00,25.2,17,30,0,,,9.3,,1014.1,
2022-06-05 00:00:00,26.6,17.4,32.4,0,,,8.8,,1011.9,
2022-06-06 00:00:00,27.8,18.7,34,0,,,9.1,,1009.3,
2022-06-07 00:00:00,29,20,36,0,,,10,,1007.1,
2022-06-08 00:00:00,29.5,21.2,36.3,0,,,9.6,,1006.7,
2022-06-09 00:00:00,30.7,21.7,37.2,0,,,9.9,,1005,
2022-06-10 00:00:00,30.7,24,37,0,,,13.6,,1003.8,
2022-06-11 00:00:00,29.4,22.8,37,0.2,,,13.2,,1005,
2022-06-12 00:00:00,24.1,19,29,0,,,7.9,,1007.5,
2022-06-13 00:00:00,26.2,19.5,32.7,0,,,7.7,,1008.2,
2022-06-14 00:00:00,29.3,21.4,36,0,,,10,,1007.5,
2022-06-15 00:00:00,30.2,21.6,37,0,,,9.8,,1005.9,
2022-06-16 00:00:00,30.4,23.5,36.8,0,,,11.8,,1005.2,
2022-06-17 00:00:00,28.1,23.2,36.4,5.1,,,12.3,,1006.5,
2022-06-18 00:00:00,29.1,21.3,36,0,,,9.7,,1006.3,
2022-06-19 00:00:00,28.9,21.6,36,0.4,,,14.2,,1005.2,
2022-06-20 00:00:00,20.8,17,26.4,15,,,11.6,,1007.3,
2022-06-21 00:00:00,23.3,15.8,29,0.2,,,9,,1006.4,
2022-06-22 00:00:00,24.2,18.1,29,0,,,7.2,,1003.9,
2022-06-23 00:00:00,27.7,20.4,33.1,0,,,12.8,,1005.8,
2022-06-24 00:00:00,29.6,21,36,0,,,8.2,,1006.2,
2022-06-25 00:00:00,30.8,23.3,37,0,,,8.4,,1005.2,
2022-06-26 00:00:00,32,23.5,39,0,,,9.7,,1004,
2022-06-27 00:00:00,33.7,25.9,40,0,,,11.8,,1004,
2022-06-28 00:00:00,33.8,23.6,41,0,,,10.2,,1004.1,
2022-06-29 00:00:00,33.6,24.8,41.2,0,,,9.6,,1002,
2022-06-30 00:00:00,32.4,27,38,0,,,11.4,,1002.3,
2022-07-01 00:00:00,30.2,22.6,35.1,0,,,12.4,,1006.6,
2022-07-02 00:00:00,29.6,18.9,37,0,,,9,,1004.9,
2022-07-03 00:00:00,32.3,23.1,39,0,,,13.8,,1000.1,
2022-07-04 00:00:00,31.1,25,37,0,,,13.6,,1000,
2022-07-05 00:00:00,23.2,20.3,27.7,0,,,9.4,,1010.4,
2022-07-06 00:00:00,26,17.7,32,0,,,7.4,,1008.6,
2022-07-07 00:00:00,27.5,20.5,32.2,0,,,7.4,,1011.7,
2022-07-08 00:00:00,27.4,18.8,33,0,,,10.6,,1009.8,
2022-07-09 00:00:00,27.6,19.5,33.1,0,,,8.8,,1006.7,
2022-07-10 00:00:00,27.6,18.6,33.2,0,,,9.3,,1004.5,
2022-07-11 00:00:00,28.4,19.7,34,0,,,9.3,,1006,
2022-07-12 00:00:00,28,19.6,33.4,0,,,8.3,,1007,
2022-07-13 00:00:00,28.8,20.8,35,0,,,10,,1007.5,
2022-07-14 00:00:00,30.3,22,36.2,0,,,9,,1005.8,
2022-07-15 00:00:00,31.3,23,39.2,0,,,9,,1005,
2022-07-16 00:00:00,32.2,23.4,40.3,0,,,8.1,,1005.2,
2022-07-17 00:00:00,32.5,22.9,41,0,,,9,,1005.7,
2022-07-18 00:00:00,32.7,23,41,0,,,10.8,,1005.2,
2022-07-19 00:00:00,31.4,22.3,39,0,,,11.7,,1005.4,
2022-07-20 00:00:00,32,23,40.5,0,,,9.6,,1003.6,
2022-07-21 00:00:00,33,23.6,41,0,,,10.2,,999.5,
2022-07-22 00:00:00,34,24.3,42.2,0,,,8.5,,999,
2022-07-23 00:00:00,34,25.3,42,0,,,7.6,,997.7,
2022-07-24 00:00:00,34.3,26.2,41,0,,,9.4,,999,
2022-07-25 00:00:00,33.6,25.3,41,0,,,8.6,,1001.7,
2022-07-26 00:00:00,34.2,26,42,0,,,8.6,,1002.7,
2022-07-27 00:00:00,32.8,26.5,39.5,0,,,10,,1004.5,
2022-07-28 00:00:00,31.6,26.7,36,0,,,13.2,,1006.2,
2022-07-29 00:00:00,31,22.6,36,0,,,11.7,,1007.3,
2022-07-30 00:00:00,29.6,25,33.5,0,,,11.7,,1006.8,
2022-07-31 00:00:00,28.6,20.3,34,0,,,8.8,,1005.2,
2022-08-01 00:00:00,29.1,21.2,34.1,0,,,10.1,,1004.6,
2022-08-02 00:00:00,26.8,21.3,32,0.3,,,9.7,,1005.5,
2022-08-03 00:00:00,27,20.2,32.7,0,,,6.5,,1007.1,
2022-08-04 00:00:00,27.5,21.1,33.3,0,,,4.3,,1006.9,
2022-08-05 00:00:00,28.1,20.8,34.4,0,,,4.8,,1005.4,
2022-08-06 00:00:00,28.1,21.2,33.9,0,,,4.7,,1004.2,
2022-08-07 00:00:00,28.5,21.5,34.3,0,,,5.3,,1002.3,
2022-08-08 00:00:00,29.3,22.3,36,0,,,7.8,,1004.2,
2022-08-09 00:00:00,29.6,21.8,35,0,,,9.1,,1006.3,
2022-08-10 00:00:00,29.1,23.8,33,0,,,11.7,,1008.2,
2022-08-11 00:00:00,27.8,21.2,33,0,,,11.7,,1008.8,
2022-08-12 00:00:00,27.6,19,34.5,0,,,8.2,,1009.2,
2022-08-13 00:00:00,28.6,20,36.6,0,,,8.5,,1007.5,
2022-08-14 00:00:00,29.2,21.8,37,0,,,8.4,,1004.6,
2022-08-15 00:00:00,30.4,21.8,38,0,,,8.4,,1003.3,
2022-08-16 00:00:00,29.8,22,37.1,0,,,8.6,,1004.8,
2022-08-17 00:00:00,30.4,23.7,37,0,,,9.5,,1005.5,
2022-08-18 00:00:00,25.7,19,33,0,,,8.6,,1006.2,
2022-08-19 00:00:00,26.5,19,34.5,0,,,9.3,,1006.4,
2022-08-20 00:00:00,23.7,17,31,0,,,9.7,,1008.5,
2022-08-21 00:00:00,20.5,13,28.3,0,,,8.6,,1010.6,
2022-08-22 00:00:00,22.5,14.6,30,0,,,8.5,,1009.8,
2022-08-23 00:00:00,24,15.4,32,0,,,8.4,,1010.8,
2022-08-24 00:00:00,24.4,16,31,0,,,8.8,,1011.6,
2022-08-25 00:00:00,25,17,32,0,,,9.3,,1012.7,
2022-08-26 00:00:00,25.8,17.6,32,0,,,7.4,,1013.7,
2022-08-27 00:00:00,25.8,17,33,0,,,8.4,,1011.5,
2022-08-28 00:00:00,25.5,17.7,32.4,0,,,11.2,,1011.6,
2022-08-29 00:00:00,26.3,18.6,32.6,0,,,8.2,,1013,
2022-08-30 00:00:00,26.6,18.8,33.8,0,,,9.1,,1014,
2022-08-31 00:00:00,25.8,17.8,33.2,0,,,7.2,,1013.4,
2022-09-01 00:00:00,26.2,17.9,34,0,,,8.2,,1013,
2022-09-02 00:00:00,27,18.6,35.2,0,,,8.4,,1013.1,
2022-09-03 00:00:00,27.5,19,37,0,,,8,,1011.3,
2022-09-04 00:00:00,27.6,19,35.3,0,,,8.4,,1006.6,
2022-09-05 00:00:00,28.1,19,37,0,,,8.6,,1003.7,
2022-09-06 00:00:00,28.6,20.6,37,0,,,9.4,,1005.9,
2022-09-07 00:00:00,29.3,21,37,0,,,11.4,,1009.4,
2022-09-08 00:00:00,25,18,32.4,0,,,7.8,,1014.5,
2022-09-09 00:00:00,25.4,19.1,32,0,,,8.8,,1015,
2022-09-10 00:00:00,26.3,19.2,33,0,,,7.6,,1010.3,
2022-09-11 00:00:00,20.5,15,24,0,,,13.8,,1015.9,
2022-09-12 00:00:00,18.8,11.4,24,0,,,9.9,,1017.4,
2022-09-13 00:00:00,20.2,11,29,0,,,7.4,,1014.3,
2022-09-14 00:00:00,22.7,13.5,31,0,,,7.9,,1011.1,
2022-09-15 00:00:00,23.7,15,32,0,,,8.3,,1009.3,
2022-09-16 00:00:00,22.9,15.6,29.7,0,,,8.5,,1009.9,
2022-09-17 00:00:00,23.2,14.9,30.5,0,,,7.3,,1009.8,
2022-09-18 00:00:00,25.7,20,32,0,,,8.2,,1012.4,
2022-09-19 00:00:00,25.5,17.4,33,0,,,8.3,,1011.8,
2022-09-20 00:00:00,24.9,17.1,32.2,0,,,7.9,,1010,
2022-09-21 00:00:00,25,18.9,32.2,0,,,8.3,,1010.6,
2022-09-22 00:00:00,26,18.5,34,0,,,9.6,,1011.5,
2022-09-23 00:00:00,24.1,17,32,0,,,8.5,,1010.2,
2022-09-24 00:00:00,24.5,16.2,32.3,0,,,7.4,,1010.1,
2022-09-25 00:00:00,24.1,17,32,0,,,8.8,,1011.1,
2022-09-26 00:00:00,24.8,16,32.8,0,,,9.5,,1015.4,
2022-09-27 00:00:00,20.7,14,26,0,,,9.5,,1018.1,
2022-09-28 00:00:00,19.6,13.4,25,0,,,10.8,,1015.8,
2022-09-29 00:00:00,19.5,12.4,26,0,,,7,,1013.1,
2022-09-30 00:00:00,18.6,15,24.2,0,,,7,,1014,
2022-10-01 00:00:00,17.6,14,22,0,,,7.1,,1016.9,
2022-10-02 00:00:00,16,10,22.2,0,,,7.3,,1016.8,
2022-10-03 00:00:00,16.9,12.7,22.3,0,,,7,,1015.5,
2022-10-04 00:00:00,18,9.9,25.2,0,,,9.4,,1019.8,
2022-10-05 00:00:00,15.9,9.8,22,0,,,7.4,,1022.3,
2022-10-06 00:00:00,15.9,8.7,23.2,0,,,8,,1021,
2022-10-07 00:00:00,16.7,9.7,24.1,0,,,7.7,,1020.9,
2022-10-08 00:00:00,17.9,10,26,0,,,8,,1021.9,
2022-10-09 00:00:00,17.3,11,24.5,0,,,8.7,,1022.3,
2022-10-10 00:00:00,15.4,8,23,0,,,7.3,,1021.9,
2022-10-11 00:00:00,16.5,8.5,25,0,,,8.2,,1017.7,
2022-10-12 00:00:00,16.2,8,25,0,,,7.1,,1017.5,
2022-10-13 00:00:00,17.9,10.4,26.2,0,,,7.7,,1020.2,
2022-10-14 00:00:00,19.7,12.8,27,0,,,9.6,,1020,
2022-10-15 00:00:00,18.8,11,26.5,0,,,7.4,,1019.7,
2022-10-16 00:00:00,18.7,12,27,0,,,7.9,,1020.4,
2022-10-17 00:00:00,17.3,13,21.4,0.7,,,5.6,,1023.2,
2022-10-18 00:00:00,13.4,10.6,15.7,2,,,7.7,,1023.2,
2022-10-19 00:00:00,8.6,6.2,12,0.8,,,9.5,,1024.6,
2022-10-20 00:00:00,10.5,4,18,0,,,9.3,,1026.6,
2022-10-21 00:00:00,13.8,6,23,0,,,6.9,,1019.7,
2022-10-22 00:00:00,20,13,27.6,0,,,8.8,,1017.9,
2022-10-23 00:00:00,10.8,8.4,12.4,7.9,,,9.9,,1027.2,
2022-10-24 00:00:00,10.6,9.7,11.7,5.3,,,4,,1021.2,
2022-10-25 00:00:00,13.7,9.6,20.3,4.1,,,6.2,,1017,
2022-10-26 00:00:00,12.8,9.4,16.2,17,,,8.4,,1024.4,
2022-10-27 00:00:00,12.2,9.4,16,0.3,,,6.1,,1027.6,
2022-10-28 00:00:00,13.1,8.2,18,0,,,8.9,,1023.5,
2022-10-29 00:00:00,15.4,10.3,20,0.5,,,10.2,,1020.7,
2022-10-30 00:00:00,11.2,10.6,12,14,,,8,,1021.9,
2022-10-31 00:00:00,12,8.8,17,0,,,5.9,,1023.2,
2022-11-01 00:00:00,14.4,6.7,23,0,,,5.4,,1015.7,
2022-11-02 00:00:00,11.2,10,18,18,,,9.2,,1017.8,
2022-11-03 00:00:00,12.5,8,17.1,0,,,5.7,,1019.2,
2022-11-04 00:00:00,12.8,11,16.6,3,,,9.1,,1016.3,
2022-11-05 00:00:00,13,10,16.8,2.9,,,5.7,,1020.4,
2022-11-06 00:00:00,12.5,8,18,10.2,,,9.4,,1018,
2022-11-07 00:00:00,10.3,9.2,13,17,,,11.4,,1018.3,
2022-11-08 00:00:00,4.4,2.6,8,13,,,9.3,,1026.8,
2022-11-09 00:00:00,4.9,1.2,9,0,,,5.6,,1032,
2022-11-10 00:00:00,5.6,0,11,0,,,5.4,,1028.6,
2022-11-11 00:00:00,5.5,1,11.5,0,,,6.4,,1030.3,
2022-11-12 00:00:00,3.6,0.8,7.1,0,,,5.5,,1031.4,
2022-11-13 00:00:00,5.5,1,10,0,,,4.8,,1023.1,
2022-11-14 00:00:00,8.4,5,12,0,,,9,,1018.4,
2022-11-15 00:00:00,9.9,8,12.6,0.5,,,6,,1017.7,
2022-11-16 00:00:00,4,1.5,9,11.9,,,8.5,,1024.4,
2022-11-17 00:00:00,5.8,-1,13,0,,,7.8,,1025.1,
2022-11-18 00:00:00,10.6,3,17,6.8,,,8.2,,1014.9,
2022-11-19 00:00:00,8.4,6.2,11,19.1,,,8.2,,1021.5,
2022-11-20 00:00:00,9.3,5,14,0.9,,,5.4,,1025.4,
2022-11-21 00:00:00,9.5,5,14,0,,,5.6,,1024.6,
2022-11-22 00:00:00,12.3,9,16,0.4,,,6.7,,1024.9,
2022-11-23 00:00:00,12.6,8,18,0,,,4.1,,1021.1,
2022-11-24 00:00:00,13.5,9,22.8,0,,,6.3,,1017.5,
2022-11-25 00:00:00,10.5,7,16,0,,,3.7,,1020.9,
2022-11-26 00:00:00,5.3,3,11.3,0,,,4,,1023.8,
2022-11-27 00:00:00,6.4,3.2,12,0,,,3.4,,1021,
2022-11-28 00:00:00,6.5,2,13.4,3.4,,,5.4,,1017.9,
2022-11-29 00:00:00,9.1,6,11,1.8,,,5.1,,1025.3,
2022-11-30 00:00:00,8.1,4.8,13,6.1,,,9.5,,1026.1,
2022-12-01 00:00:00,1,-1.2,4,3.1,,,9.3,,1030,
2022-12-02 00:00:00,0.3,-0.9,2,0,,,6.2,,1030.2,
2022-12-03 00:00:00,-0.9,-2.2,1,0,,,5.4,,1028.9,
2022-12-04 00:00:00,-1,-2.5,0,5.3,,,6.7,,1030.1,
2022-12-05 00:00:00,-4.2,-6,-2,8.3,,,6.6,,1032.9,
2022-12-06 00:00:00,-2.6,-6.6,-1,0.5,,,3.8,,1033.3,
2022-12-07 00:00:00,-0.3,-2.7,2.2,4.3,,,5,,1030.5,
2022-12-08 00:00:00,-2.9,-5,-1,2,,,9.6,,1031.1,
2022-12-09 00:00:00,-6.3,-9,-2.1,2,,,6.2,,1035.8,
2022-12-10 00:00:00,-5.8,-9.6,-2,0,,,3.6,,1035.8,
2022-12-11 00:00:00,-4.5,-9,1,0,,,5.4,,1031.6,
2022-12-12 00:00:00,-3,-7,2.4,0,,,4.9,,1026.9,
2022-12-13 00:00:00,-1,-6,3.5,0,,,5.7,,1028.8,
2022-12-14 00:00:00,2.6,-4,10.2,0,,,6.2,,1026,
2022-12-15 00:00:00,6.5,2,13,0,,,6.5,,1025.4,
2022-12-16 00:00:00,7.1,3,14.1,0,,,6,,1023.8,
2022-12-17 00:00:00,4.6,0,11.2,0,,,4,,1025.8,
2022-12-18 00:00:00,4.1,-1,11,0,,,6.1,,1027.9,
2022-12-19 00:00:00,3.9,-1,10.9,0,,,4.8,,1026.2,
2022-12-20 00:00:00,4.4,0,12.8,0,,,5.3,,1024,
2022-12-21 00:00:00,3.1,0.6,6,1.9,,,5.4,,1028.8,
2022-12-22 00:00:00,0.9,-1,4.3,0,,,5.9,,1031.8,
2022-12-23 00:00:00,-0.4,-4,5,0,,,4.2,,1031.8,
2022-12-24 00:00:00,-0.9,-5,4,0,,,6,,1028.8,
2022-12-25 00:00:00,0.4,-5,9.5,0,,,5.6,,1020.8,
2022-12-26 00:00:00,4.1,-3,14.6,0,,,6.7,,1021.5,
2022-12-27 00:00:00,4.4,-2,13.1,0,,,5.9,,1022.6,
2022-12-28 00:00:00,4.6,1,8,0.5,,,5,,1024.9,
2022-12-29 00:00:00,4.6,3,7,0.9,,,6.1,,1027.1,
2022-12-30 00:00:00,4.3,1,8,0,,,4.8,,1032.4,
2022-12-31 00:00:00,1.4,-0.6,5,0,,,7.4,,1035.1,
2023-01-01 00:00:00,0.2,-3.3,6,0,,,5.6,,1034,
2023-01-02 00:00:00,2.5,-1,7,0,,,7,,1031.6,
2023-01-03 00:00:00,3,0,7,7.1,,,9.2,,1028.7,
2023-01-04 00:00:00,6.6,3.8,12,1.6,,,10.6,,1030.1,
2023-01-05 00:00:00,9.3,3,16,0,,,10.6,,1019.2,
2023-01-06 00:00:00,8.6,7,11,3,,,9,,1021.2,
2023-01-07 00:00:00,9.6,6,16,1,,,10.8,,1017.1,
2023-01-08 00:00:00,8.8,6.8,12.6,0.8,,,7.4,,1017.8,
2023-01-09 00:00:00,4.2,1,6,10.6,,,7.9,,1023.8,
2023-01-10 00:00:00,-6.7,-9.8,0.3,32,,,9.5,,1029.8,
2023-01-11 00:00:00,-12.1,-16.1,-9,0,,,7.9,,1041.7,
2023-01-12 00:00:00,-15.6,-18,-11.8,0,,,6.7,,1049.4,
2023-01-13 00:00:00,-16.3,-20,-10.7,0,,,5.1,,1047.8,
2023-01-14 00:00:00,-13.9,-18,-8,0,,,5.6,,1043.2,
2023-01-15 00:00:00,-12.4,-17,-6,0,,,5.1,,1038.6,
2023-01-16 00:00:00,-10,-16,-2,0,,,5.1,,1032.3,
2023-01-17 00:00:00,-6,-13,2,0,,,6.5,,1030.2,
2023-01-18 00:00:00,-5.4,-11,3.6,0,,,5.4,,1026.8,
2023-01-19 00:00:00,-3.1,-10,9,0,,,5.4,,1027.7,
2023-01-20 00:00:00,-4.1,-9,3,0,,,4.8,,1031.5,
2023-01-21 00:00:00,-4.7,-10,2,0,,,6.8,,1032.2,
2023-01-22 00:00:00,-5.3,-11,2,0,,,5.1,,1031.5,
2023-01-23 00:00:00,-5.4,-10,0.5,0,,,4.8,,1033.2,
2023-01-24 00:00:00,-4,-9,2.2,0,,,5.4,,1031.9,
2023-01-25 00:00:00,-4.3,-9,1.6,0,,,5.3,,1032.3,
2023-01-26 00:00:00,-3.2,-9,3,0,,,5.4,,1032.2,
2023-01-27 00:00:00,-2.8,-9,3.1,0,,,4.8,,1029.9,
2023-01-28 00:00:00,0.3,-4,8,0,,,5.7,,1024.4,
2023-01-29 00:00:00,-0.3,-6,5,0,,,3.8,,1019.1,
2023-01-30 00:00:00,2.2,-4,8,0,,,6,,1017.6,
2023-01-31 00:00:00,6.2,2,10,1,,,8.7,,1020.6,
2023-02-01 00:00:00,8.4,4,13,4.4,,,10,,1013.9,
2023-02-02 00:00:00,6.5,4,8,13,,,9.5,,1013.7,
2023-02-03 00:00:00,7.3,4,13.4,0.2,,,9.7,,1016.7,
2023-02-04 00:00:00,9,4,14.3,7.1,,,9.1,,1020.1,
2023-02-05 00:00:00,7.6,4,12,14.5,,,8.6,,1019.1,
2023-02-06 00:00:00,6.6,2,10,0.2,,,7.1,,1021.2,
2023-02-07 00:00:00,8.2,4,15,0,,,10.9,,1020.1,
2023-02-08 00:00:00,7.6,2,13.9,8.9,,,10.2,,1009.7,
2023-02-09 00:00:00,0.6,-3.6,7,24.9,,,11.8,,1012,
2023-02-10 00:00:00,-3.5,-5.1,-1,0,,,8.7,,1027.8,
2023-02-11 00:00:00,-1,-4.8,2,0,,,10,,1034.1,
2023-02-12 00:00:00,1,-3.6,6,0,,,7.6,,1033.9,
2023-02-13 00:00:00,3.1,-1,7,1.6,,,7.3,,1023.2,
2023-02-14 00:00:00,6.3,3.4,10.6,0.3,,,5.6,,1023.2,
2023-02-15 00:00:00,5.7,3.8,8,7.1,,,4.8,,1021.2,
2023-02-16 00:00:00,6.9,4.6,9.3,20.1,,,5.9,,1015.6,
2023-02-17 00:00:00,6.6,5,8,8.9,,,7.8,,1022.6,
2023-02-18 00:00:00,6.4,4,9,0,,,6.9,,1027.8,
2023-02-19 00:00:00,7.8,3.7,13,0,,,6.1,,1021.9,
2023-02-20 00:00:00,9.1,3,16,0,,,7.2,,1019,
2023-02-21 00:00:00,12.7,5,19,0,,,11.1,,1015.5,
2023-02-22 00:00:00,11.9,6,17,0.8,,,9.4,,1010.5,
2023-02-23 00:00:00,13.6,6,21,0,,,9.7,,1014.5,
2023-02-24 00:00:00,12.3,7,17,1,,,10.8,,1013.3,
2023-02-25 00:00:00,1.6,-0.4,7,5.1,,,12.2,,1030.4,
2023-02-26 00:00:00,4.9,-0.2,10.2,0,,,7.6,,1032.9,
2023-02-27 00:00:00,7.3,1,14,0,,,7.1,,1030.1,
2023-02-28 00:00:00,9.3,2,17,0,,,9.6,,1027,
2023-03-01 00:00:00,11.5,4,19.4,0,,,9.7,,1022.5,
2023-03-02 00:00:00,13.8,7,22.2,0,,,12.4,,1018.5,
2023-03-03 00:00:00,12.8,8,18,3,,,10.8,,1020.3,
2023-03-04 00:00:00,14.5,8,23,0.6,,,8.4,,1020.5,
2023-03-05 00:00:00,16.3,10,24.1,6.3,,,14.1,,1017.1,
2023-03-06 00:00:00,15,11,22,4.1,,,14.6,,1017.9,
2023-03-07 00:00:00,18.3,10,26,0,,,14.1,,1014.3,
2023-03-08 00:00:00,13.8,8.4,17.1,6.4,,,13.5,,1019.4,
2023-03-09 00:00:00,12.7,7.6,18,0.9,,,5.7,,1021.6,
2023-03-10 00:00:00,18.8,13,26,2,,,10.4,,1015.4,
2023-03-11 00:00:00,19.4,15.4,27,7.1,,,12.9,,1013.3,
2023-03-12 00:00:00,10.7,8.6,15,25.9,,,11.3,,1020.9,
2023-03-13 00:00:00,12.5,6,20,0,,,6.6,,1021.4,
2023-03-14 00:00:00,15,9,22,0,,,10.3,,1017.9,
2023-03-15 00:00:00,14.7,8,21,0,,,10.5,,1019.5,
2023-03-16 00:00:00,14.1,7,21,0,,,9.7,,1018.3,
2023-03-17 00:00:00,14.1,8,21,0,,,8.3,,1013.7,
2023-03-18 00:00:00,13.6,6,20.1,0,,,7.4,,1011.9,
2023-03-19 00:00:00,13.3,7,18.6,0.3,,,8.2,,1013,
2023-03-20 00:00:00,13.4,10.8,18.8,7.1,,,8,,1012.2,
2023-03-21 00:00:00,14.2,8,20,0,,,8.2,,1012.4,
2023-03-22 00:00:00,15.4,9.7,21,0,,,9.7,,1010.5,
2023-03-23 00:00:00,16,9,23,0,,,9.5,,1011,
2023-03-24 00:00:00,15.8,8,22.2,0,,,8,,1011.4,
2023-03-25 00:00:00,15.2,9,22,0,,,7.7,,1013.6,
2023-03-26 00:00:00,16.3,9.6,23,0,,,7.8,,1015.7,
2023-03-27 00:00:00,17.6,9,25,0,,,9,,1012.7,
2023-03-28 00:00:00,19,12,27,0,,,8,,1008.2,
2023-03-29 00:00:00,21.6,17,27,0,,,13.1,,1007.5,
2023-03-30 00:00:00,18.7,15.9,25,2,,,12,,1010.7,
2023-03-31 00:00:00,18.8,13,25,0,,,7.9,,1010.3,
2023-04-01 00:00:00,18.7,13,25,0,,,8.1,,1007.1,
2023-04-02 00:00:00,16.8,13,25,3.7,,,10.6,,1007.6,
2023-04-03 00:00:00,14.3,10.4,20,8.1,,,8.6,,1009.3,
2023-04-04 00:00:00,15,9.3,20,5.3,,,8.3,,1015.1,
2023-04-05 00:00:00,11.1,9.5,13.6,3,,,8.7,,1017.7,
2023-04-06 00:00:00,14.4,8,20,0.8,,,7.8,,1014.1,
2023-04-07 00:00:00,15.6,12.6,19,2,,,13.1,,1014,
2023-04-08 00:00:00,19.8,11.7,26.1,0,,,12.2,,1015.4,
2023-04-09 00:00:00,17,14,20.7,0,,,11.9,,1017.4,
2023-04-10 00:00:00,16,12.3,22,5.8,,,13.5,,1016.6,
2023-04-11 00:00:00,15.8,9,20,0,,,7,,1021.2,
2023-04-12 00:00:00,17.9,10.7,24,0,,,6.9,,1019.2,
2023-04-13 00:00:00,23,14,31,0,,,10.2,,1013.1,
2023-04-14 00:00:00,26.2,18,34,0,,,12.4,,1006,
2023-04-15 00:00:00,15.7,13.8,24,1.5,,,12.6,,1014.4,
2023-04-16 00:00:00,17.8,11.7,23,0.1,,,12.5,,1013.9,
2023-04-17 00:00:00,12.1,5,18,0,,,12.7,,1020.7,
2023-04-18 00:00:00,8.5,2.2,14.4,0,,,9.9,,1027.8,
2023-04-19 00:00:00,11.8,4,18,0,,,8.8,,1023.6,
2023-04-20 00:00:00,14.1,7,20.4,0,,,8.4,,1016.1,
2023-04-21 00:00:00,15.9,8,23,0,,,9.1,,1013.7,
2023-04-22 00:00:00,18.1,9.3,26,0,,,9,,1015,
2023-04-23 00:00:00,21,11.9,29,0,,,8.4,,1014,
2023-04-24 00:00:00,22.4,15,30,0,,,9.9,,1014.4,
2023-04-25 00:00:00,20.8,13.8,28.1,0,,,8.2,,1013.8,
2023-04-26 00:00:00,21.2,13,28,0,,,8.8,,1011.6,
2023-04-27 00:00:00,21.2,14,28,0,,,9.3,,1009.7,
2023-04-28 00:00:00,21.9,15,29,0,,,12.2,,1010.8,
2023-04-29 00:00:00,23.9,16,30,0,,,9.2,,1009.7,
2023-04-30 00:00:00,24.7,16.2,31,0,,,10.3,,1007.6,
2023-05-01 00:00:00,24.2,17,31,0,,,9.5,,1005.5,
2023-05-02 00:00:00,21.3,15,29,0,,,10.3,,1008.5,
2023-05-03 00:00:00,18.5,11,27,0,,,10.6,,1013.2,
2023-05-04 00:00:00,15.1,7,24,0,,,9.1,,1013.5,
2023-05-05 00:00:00,18.8,9,28,0,,,10.2,,1013.5,
2023-05-06 00:00:00,16.1,12,20,0,,,10,,1015.2,
2023-05-07 00:00:00,16.7,11,23,0,,,8.3,,1017.6,
2023-05-08 00:00:00,18.4,11,25,0.3,,,8.8,,1017.6,
2023-05-09 00:00:00,21.6,14,28,0,,,7.9,,1017.2,
2023-05-10 00:00:00,24.4,15.5,32,0,,,9,,1014.9,
2023-05-11 00:00:00,26.4,19,34,0,,,9.5,,1011.1,
2023-05-12 00:00:00,25.5,22,31.3,0,,,12.4,,1013.3,
2023-05-13 00:00:00,24.9,20,31,0.6,,,13.8,,1014.3,
2023-05-14 00:00:00,25.7,18.5,31,0,,,10,,1010.8,
2023-05-15 00:00:00,27.2,20,34,0,,,7.2,,1004.7,
2023-05-16 00:00:00,26.7,21,32,0.7,,,12,,1007.1,
2023-05-17 00:00:00,17.5,14,22,5.5,,,16.9,,1014.8,
2023-05-18 00:00:00,20.1,14,25.5,2.4,,,6.4,,1015.8,
2023-05-19 00:00:00,21.4,16.6,26,8.5,,,10.5,,1013.9,
2023-05-20 00:00:00,22.8,14.6,29,0,,,12,,1013.2,
2023-05-21 00:00:00,25.1,16.2,31,0,,,9.4,,1013,
2023-05-22 00:00:00,26.1,17.4,33,0,,,11.1,,1011.5,
2023-05-23 00:00:00,25.2,19.8,32,0.7,,,8.9,,1011.6,
2023-05-24 00:00:00,24.1,17.4,30,0,,,11.5,,1013.1,
2023-05-25 00:00:00,22.9,13.2,29,0.3,,,10.9,,1012.5,
2023-05-26 00:00:00,23.6,16.2,29.6,0,,,8.4,,1013.5,
2023-05-27 00:00:00,24.3,16.6,31,0,,,9.3,,1011.8,
2023-05-28 00:00:00,25.4,16,31.4,0,,,10.5,,1011.6,
2023-05-29 00:00:00,25.7,16.4,32,0,,,8,,1012.1,
2023-05-30 00:00:00,26.9,17.3,35,0,,,10.3,,1011.2,
2023-05-31 00:00:00,27.5,20,34.6,0,,,9.1,,1007.5,
2023-06-01 00:00:00,26.9,20,34,0,,,9.1,,1005.8,
2023-06-02 00:00:00,28.6,20.4,35,0,,,10.6,,1007.6,
2023-06-03 00:00:00,28.2,19,35,0,,,9,,1007.4,
2023-06-04 00:00:00,28.6,19,35.1,0,,,9.1,,1007.8,
2023-06-05 00:00:00,29.3,20.3,37,0,,,10.3,,1007.6,
2023-06-06 00:00:00,30.4,21,37.2,0,,,10.8,,1008.3,
2023-06-07 00:00:00,31.9,23.5,39,0,,,10,,1009.1,
2023-06-08 00:00:00,32.4,22,40,0,,,10.6,,1008.9,
2023-06-09 00:00:00,31.5,24.5,39,0,,,14,,1006.7,
2023-06-10 00:00:00,28,20,34.8,0,,,9.4,,1006.9,
2023-06-11 00:00:00,29.5,22.8,36,0,,,8,,1003.1,
2023-06-12 00:00:00,30.7,24.4,37,0,,,9.7,,1001.7,
2023-06-13 00:00:00,32.5,26.2,39,0,,,10.3,,1001.9,
2023-06-14 00:00:00,32.8,25.6,38.4,0,,,8.6,,1001.1,
2023-06-15 00:00:00,32.1,24,38,0,,,9.1,,1000.9,
2023-06-16 00:00:00,31.1,22.9,38,0,,,9.2,,1000.6,
2023-06-17 00:00:00,30.9,21.5,38,0,,,9.9,,1001,
2023-06-18 00:00:00,32.6,22.6,40,0,,,11.1,,1000.7,
2023-06-19 00:00:00,32.3,26.4,38.1,0,,,12.6,,1000.4,
2023-06-20 00:00:00,29.7,23.9,35.4,0,,,9.2,,1005.1,
2023-06-21 00:00:00,29.8,23.5,35.2,0,,,10.5,,1005.9,
2023-06-22 00:00:00,29.6,21.6,35,0,,,10.9,,1007.6,
2023-06-23 00:00:00,29.4,20.4,35,0,,,11.2,,1010.3,
2023-06-24 00:00:00,28.6,20,34.4,0,,,10.9,,1010.5,
2023-06-25 00:00:00,25.2,20.7,29,0.1,,,10.8,,1008.3,
2023-06-26 00:00:00,26.1,17.4,33,0,,,8.2,,1007,
2023-06-27 00:00:00,28.9,18.9,36,0,,,8.1,,1003.2,
2023-06-28 00:00:00,29.3,20.8,35,0,,,13.2,,1005.7,
2023-06-29 00:00:00,27,18.3,33.2,0,,,9.4,,1008,
2023-06-30 00:00:00,27.7,19.6,35,0,,,8.2,,1004.7,
2023-07-01 00:00:00,29.4,20,37,0,,,8,,1003,
2023-07-02 00:00:00,31.4,22.6,38,0,,,8.5,,1003.8,
2023-07-03 00:00:00,31.4,27,37,0,,,12.3,,1007.6,
2023-07-04 00:00:00,30.8,25,34.2,0,,,15.2,,1007.2,
2023-07-05 00:00:00,28.9,21.8,34.2,0,,,9.7,,1005.4,
2023-07-06 00:00:00,26.7,22.3,33.6,0.3,,,11.1,,1004.7,
2023-07-07 00:00:00,26.7,20.8,31,0.5,,,15.2,,1008.1,
2023-07-08 00:00:00,27.7,19,34,0,,,9.6,,1008.7,
2023-07-09 00:00:00,29.6,20.8,35,0,,,8.7,,1005.9,
2023-07-10 00:00:00,30.5,21.6,37,0,,,7.1,,1004.9,
2023-07-11 00:00:00,32.3,22.5,40,0,,,8.8,,1005,
2023-07-12 00:00:00,33.7,24.5,42,0,,,8.8,,1006.1,
2023-07-13 00:00:00,33.4,22.4,42,0,,,8.5,,1006.1,
2023-07-14 00:00:00,31.3,26,37.7,0,,,10.8,,1008.3,
2023-07-15 00:00:00,31.7,25,38,0,,,14.6,,1007.3,
2023-07-16 00:00:00,29,20.7,36.2,0,,,9,,1005.3,
2023-07-17 00:00:00,31.3,22.3,39,0,,,7.9,,1005.4,
2023-07-18 00:00:00,33.1,25,40,0,,,11.4,,1005.1,
2023-07-19 00:00:00,32,25.4,37.2,0,,,15.7,,1005.9,
2023-07-20 00:00:00,31,24.7,37,0,,,12.6,,1007.3,
2023-07-21 00:00:00,30.6,23.2,37,0,,,8.7,,1008.7,
2023-07-22 00:00:00,31.6,23.3,39.2,0,,,10,,1007.4,
2023-07-23 00:00:00,31.3,24.4,39,0,,,8.8,,1005.9,
2023-07-24 00:00:00,32.9,25.2,40.1,0,,,9.2,,1002.7,
2023-07-25 00:00:00,34.6,26.3,42,0,,,8.2,,1001.3,
2023-07-26 00:00:00,33.4,24.9,42,0,,,10.5,,1002,
2023-07-27 00:00:00,33.4,26,42,0,,,14.9,,1002.4,
2023-07-28 00:00:00,33.6,27,39,0,,,10,,1002,
2023-07-29 00:00:00,31.6,24.7,38,0,,,10,,1001,
2023-07-30 00:00:00,31.9,25,38.1,0,,,8.8,,1002.8,
2023-07-31 00:00:00,32.9,24,39,0,,,9.4,,1003.7,
2023-08-01 00:00:00,32.9,23.6,40,0,,,9.5,,1003.4,
2023-08-02 00:00:00,33.3,25.2,39,0,,,9.7,,1003.8,
2023-08-03 00:00:00,32.2,23.7,38.1,0,,,11.8,,1003.9,
2023-08-04 00:00:00,30.6,22.2,37.2,0,,,9.6,,1005.4,
2023-08-05 00:00:00,30.6,22,37.5,0,,,8.7,,1007.2,
2023-08-06 00:00:00,26.8,23.2,30,0,,,8,,1006.1,
2023-08-07 00:00:00,27.6,20.5,34,2.4,,,11,,1002.6,
2023-08-08 00:00:00,29.4,21.5,35.2,0,,,9,,1002.6,
2023-08-09 00:00:00,30.6,23.2,36,0,,,10.5,,1006.7,
2023-08-10 00:00:00,31,23,37,0,,,9.8,,1008.3,
2023-08-11 00:00:00,29.6,24,34,0,,,9.5,,1010,
2023-08-12 00:00:00,27.1,20.6,32,0,,,11.2,,1012.6,
2023-08-13 00:00:00,24.5,17,31,0,,,10.5,,1012.6,
2023-08-14 00:00:00,23.5,16.6,30,0,,,10.7,,1015.2,
2023-08-15 00:00:00,23.8,14.9,31,0,,,7.3,,1016.6,
2023-08-16 00:00:00,25,15.8,32,0,,,8.4,,1014.3,
2023-08-17 00:00:00,26.4,17.8,34,0,,,8.4,,1011.5,
2023-08-18 00:00:00,28.1,19,35.7,0,,,8.5,,1010.7,
2023-08-19 00:00:00,29.1,20,37,0,,,10,,1009.3,
2023-08-20 00:00:00,29.9,20.2,38,0,,,10.3,,1009.5,
2023-08-21 00:00:00,29.8,20.2,38.1,0,,,8.8,,1008,
2023-08-22 00:00:00,29.3,21,37,0,,,7.7,,1008.4,
2023-08-23 00:00:00,29.9,22,36.5,0,,,8.7,,1006.9,
2023-08-24 00:00:00,29.7,21.9,37,0,,,7.6,,1005.9,
2023-08-25 00:00:00,29.1,21.2,36,0,,,11.2,,1004.6,
2023-08-26 00:00:00,28.3,21,35,0,,,9.7,,1004.5,
2023-08-27 00:00:00,19.7,17.2,27,7.9,,,14.5,,1008.9,
2023-08-28 00:00:00,20.7,16.6,25,0,,,8.1,,1013.4,
2023-08-29 00:00:00,23.8,15.4,32,0,,,8.2,,1006.8,
2023-08-30 00:00:00,22.1,18,26,5.8,,,11.1,,1007.9,
2023-08-31 00:00:00,21.5,17.2,26,7.3,,,9.6,,1015.1,
2023-09-01 00:00:00,22.2,13.6,28,0,,,8.6,,1015.4,
2023-09-02 00:00:00,23.3,15.2,30,0,,,7.9,,1013.4,
2023-09-03 00:00:00,23.7,15.9,30,0,,,8,,1011,
2023-09-04 00:00:00,22.4,17.8,26,0,,,10.2,,1013,
2023-09-05 00:00:00,21.3,12.2,28,0,,,8.7,,1016.2,
2023-09-06 00:00:00,22.1,14,29,0,,,8.2,,1013.8,
2023-09-07 00:00:00,24.1,15.6,32,0,,,7.4,,1011.1,
2023-09-08 00:00:00,25.6,20,30,0,,,12.2,,1010.2,
2023-09-09 00:00:00,26.8,21,32,0.8,,,9.6,,1011.1,
2023-09-10 00:00:00,25.6,19.4,31.1,0,,,8.3,,1005.9,
2023-09-11 00:00:00,24.3,18.9,31,0,,,11.7,,1008.8,
2023-09-12 00:00:00,20.7,14.4,26,0,,,8,,1016.1,
2023-09-13 00:00:00,21.2,14,27,0,,,12,,1015.8,
2023-09-14 00:00:00,21.3,13.4,28,0,,,8.2,,1015.2,
2023-09-15 00:00:00,21,14.6,26,0,,,8.7,,1015.8,
2023-09-16 00:00:00,21.2,13.3,28,0,,,7.6,,1015.2,
2023-09-17 00:00:00,21.7,16.2,28,0,,,7.8,,1012.1,
2023-09-18 00:00:00,22.7,17,29,0,,,7.9,,1011.9,
2023-09-19 00:00:00,22.9,16,29,0,,,8,,1013.2,
2023-09-20 00:00:00,20.9,15,26.2,0.9,,,12.4,,1020.3,
2023-09-21 00:00:00,20.4,16,25,0,,,9.7,,1020.1,
2023-09-22 00:00:00,19.1,13.6,23.2,0,,,10.6,,1022.5,
2023-09-23 00:00:00,18.9,11.7,26,0,,,7.7,,1022.3,
2023-09-24 00:00:00,19.5,12.4,27,0,,,8.4,,1019.4,
2023-09-25 00:00:00,19.7,12,27.1,0,,,8.4,,1016.7,
2023-09-26 00:00:00,21.3,12.8,28.2,0,,,8.1,,1015.6,
2023-09-27 00:00:00,21.8,14.8,29,0,,,7.4,,1016.1,
2023-09-28 00:00:00,22,16.5,28,0,,,9,,1016.5,
2023-09-29 00:00:00,20.6,13.4,27,0,,,9,,1016.3,
2023-09-30 00:00:00,19.8,14,26,0,,,9,,1017.6,
2023-10-01 00:00:00,20,13.3,27,0,,,8.5,,1014.8,
2023-10-02 00:00:00,18.9,13,26,0,,,7.4,,1014.3,
2023-10-03 00:00:00,19.3,11.7,27,0,,,7.4,,1015.8,
2023-10-04 00:00:00,21,13.9,28,0,,,7.1,,1016.6,
2023-10-05 00:00:00,22,14.5,29,0.2,,,9.3,,1015.4,
2023-10-06 00:00:00,19.5,17.5,24,0,,,11.7,,1015.6,
2023-10-07 00:00:00,16.9,13.3,21.5,0.8,,,6.4,,1020.3,
2023-10-08 00:00:00,18,13.6,23.2,0,,,7.4,,1020.8,
2023-10-09 00:00:00,19.6,13,27,0,,,8.5,,1018.5,
2023-10-10 00:00:00,20.5,12.2,28.6,0,,,9.6,,1016,
2023-10-11 00:00:00,21,15,28,0,,,8.2,,1017.3,
2023-10-12 00:00:00,18.6,14,24,1.9,,,9.1,,1016.2,
2023-10-13 00:00:00,8.7,7,14,17,,,10.1,,1029.8,
2023-10-14 00:00:00,10.8,5,16,0,,,8.2,,1026.9,
2023-10-15 00:00:00,12.2,5.4,18.1,0,,,7.3,,1022,
2023-10-16 00:00:00,12.8,6.9,19,0,,,7.1,,1019.2,
2023-10-17 00:00:00,13.8,7,21,0,,,5.9,,1015.2,
2023-10-18 00:00:00,15.9,8.8,23,0.5,,,7.3,,1019.1,
2023-10-19 00:00:00,17.5,12,24,0,,,7.1,,1020.2,
2023-10-20 00:00:00,18.3,11,26,0,,,5.9,,1016.8,
2023-10-21 00:00:00,16.3,13,20.2,3.1,,,9.7,,1019.7,
2023-10-22 00:00:00,16.2,10,23,0.1,,,5.4,,1017.9,
2023-10-23 00:00:00,13.8,12.1,16,1,,,6.4,,1023.2,
2023-10-24 00:00:00,15,9,23,0,,,5.4,,1021.7,
2023-10-25 00:00:00,17.8,10,26,0,,,5.4,,1015.7,
2023-10-26 00:00:00,18.8,15.9,22,1,,,9.4,,1018.2,
2023-10-27 00:00:00,17.6,13.4,22.6,0,,,8.2,,1020.1,
2023-10-28 00:00:00,20.1,13.2,27,0,,,6.5,,1016,
2023-10-29 00:00:00,21.3,14,29,0,,,7.7,,1015.5,
2023-10-30 00:00:00,20.1,14,28,0,,,6.6,,1017.7,
2023-10-31 00:00:00,12.6,9.2,18,6.1,,,9.1,,1026.5,
2023-11-01 00:00:00,11.6,6.8,17,0,,,7.4,,1029.6,
2023-11-02 00:00:00,12.6,6,21,0,,,7.1,,1027.2,
2023-11-03 00:00:00,13.1,7,21,0,,,5.7,,1019.2,
2023-11-04 00:00:00,14.1,6,23,0,,,5.6,,1016,
2023-11-05 00:00:00,14.8,7,24.7,0,,,6.2,,1017.8,
2023-11-06 00:00:00,15.7,9.1,23,0,,,6.5,,1017.1,
2023-11-07 00:00:00,16.4,12,21,0,,,6.3,,1015.9,
2023-11-08 00:00:00,14.1,11.2,18,17.6,,,11.7,,1016.2,
2023-11-09 00:00:00,9.3,6,14.9,13,,,9.2,,1026.2,
2023-11-10 00:00:00,9.6,4.2,17,0,,,7.1,,1026.4,
2023-11-11 00:00:00,10.5,5,15,4.2,,,6.5,,1024,
2023-11-12 00:00:00,9.7,6.5,14,2.5,,,7.9,,1030.2,
2023-11-13 00:00:00,8.8,3.4,15.3,0,,,7,,1029.5,
2023-11-14 00:00:00,10.2,3,19,0,,,6.7,,1024.8,
2023-11-15 00:00:00,12,4,23,0,,,6.4,,1018.2,
2023-11-16 00:00:00,16.1,8,26,0,,,6,,1016.9,
2023-11-17 00:00:00,18.4,13,27,0,,,10,,1013.2,
2023-11-18 00:00:00,16.3,13,22.6,2,,,7.7,,1016.4,
2023-11-19 00:00:00,13.4,11,16.8,2.3,,,5.7,,1021.9,
2023-11-20 00:00:00,15.4,9.9,24,0,,,4.4,,1018.2,
2023-11-21 00:00:00,17.3,10,25,0.1,,,7.6,,1010.7,
2023-11-22 00:00:00,12.9,9,17,10.9,,,10.9,,1016.1,
2023-11-23 00:00:00,8.6,6.6,13.2,7.1,,,9.1,,1024.7,
2023-11-24 00:00:00,10.9,5,17.7,0,,,7.4,,1013.4,
2023-11-25 00:00:00,10.9,7,17,0,,,5.8,,1020.1,
2023-11-26 00:00:00,12.1,5,22,0,,,5.9,,1016.4,
2023-11-27 00:00:00,13.1,7,19,0,,,4.9,,1012.6,
2023-11-28 00:00:00,15.8,10,23.9,0,,,7.8,,1012.8,
2023-11-29 00:00:00,12.2,8.1,16.5,4.6,,,8,,1019.8,
2023-11-30 00:00:00,8.2,6,11,5.6,,,6.4,,1026.8,
2023-12-01 00:00:00,8,5,12,0,,,3,,1023.5,
2023-12-02 00:00:00,9.6,5,16,0,,,3.6,,1022.6,
2023-12-03 00:00:00,9.7,5,15,0,,,6.5,,1023.9,
2023-12-04 00:00:00,11.5,7,18.2,0,,,5,,1025.3,
2023-12-05 00:00:00,12,6,21.6,0,,,5.8,,1019.9,
2023-12-06 00:00:00,9.7,4,17.1,0,,,6.2,,1021,
2023-12-07 00:00:00,4.5,3.6,5.5,0,,,6.1,,1021.1,
2023-12-08 00:00:00,3.9,0,6,6.1,,,7.7,,1020.5,
2023-12-09 00:00:00,-0.5,-1.8,1,4.2,,,5.3,,1032,
2023-12-10 00:00:00,2.1,-3.3,7,0,,,5.2,,1025.3,
2023-12-11 00:00:00,3.5,-2.6,7,7.3,,,7.7,,1018.4,
2023-12-12 00:00:00,-11.5,-17,-5,6.3,,,9.6,,1032.3,
2023-12-13 00:00:00,-11.8,-17,-5,0,,,3.1,,1033.4,
2023-12-14 00:00:00,-4.8,-11,0.9,0,,,5,,1020,
2023-12-15 00:00:00,1.9,-1,9.5,0,,,5.9,,1018.3,
2023-12-16 00:00:00,0.6,-1,2.1,0.3,,,4,,1028.4,
2023-12-17 00:00:00,4.4,0.6,10,0.8,,,4.2,,1029.5,
2023-12-18 00:00:00,7.5,1,15.7,0,,,8.5,,1021.6,
2023-12-19 00:00:00,4.1,2.2,7,3,,,7.3,,1029.1,
2023-12-20 00:00:00,3.8,1,7,0,,,6.4,,1034.4,
2023-12-21 00:00:00,3.2,-1,9.2,0,,,2.9,,1030.3,
2023-12-22 00:00:00,5.1,-2,15.1,0,,,3.4,,1018.2,
2023-12-23 00:00:00,7.9,0,18,0,,,7.7,,1014.6,
2023-12-24 00:00:00,12.9,10,17.2,0.1,,,11.7,,1014.5,
2023-12-25 00:00:00,15.9,13,21,0.2,,,11.3,,1013.3,
2023-12-26 00:00:00,8.3,6,15,18,,,7.7,,1021.3,
2023-12-27 00:00:00,8.8,6,12.5,1,,,12.3,,1023.7,
2023-12-28 00:00:00,10.1,4,18,0,,,9.8,,1018.7,
2023-12-29 00:00:00,3.8,1,12.4,9.9,,,10.2,,1025,
2023-12-30 00:00:00,1.4,-2,5,0,,,6.8,,1033,
2023-12-31 00:00:00,3.9,-1,10.7,0,,,5.9,,1026.1,
2024-01-01 00:00:00,7.2,1,15.4,0,,,6,,1019.4,
2024-01-02 00:00:00,5.7,3,9,0,,,4.8,,1024.7,
2024-01-03 00:00:00,5.1,1.5,11,0,,,5.3,,1019.8,
2024-01-04 00:00:00,8.9,3,16,0.1,,,9.2,,1014.2,
2024-01-05 00:00:00,9.9,5,13.8,0.3,,,7.1,,1017.1,
2024-01-06 00:00:00,11.2,5,16.4,0.4,,,8.2,,1016.3,
2024-01-07 00:00:00,10.2,8,13.9,6.1,,,9.1,,1018.1,
2024-01-08 00:00:00,7.4,5.8,9,0.2,,,6.3,,1023.4,
2024-01-09 00:00:00,8.8,3,16,0,,,7.1,,1016,
2024-01-10 00:00:00,10.4,8,14.3,0,,,7.1,,1013.8,
2024-01-11 00:00:00,5.9,3.1,8.8,1.6,,,8,,1017.1,
2024-01-12 00:00:00,3.6,-1,9,0,,,8,,1016.6,
2024-01-13 00:00:00,11.3,4.6,14.5,0,,,10,,1009.3,
2024-01-14 00:00:00,6.9,4,11,0,,,9.9,,1015.4,
2024-01-15 00:00:00,-1.3,-2,3,8.9,,,8.5,,1024,
2024-01-16 00:00:00,-0.4,-1.8,1,0.5,,,6.2,,1024.7,
2024-01-17 00:00:00,1.3,0,5,0,,,5.1,,1023.8,
2024-01-18 00:00:00,3.9,-1,11.1,0,,,4.3,,1022.9,
2024-01-19 00:00:00,5.6,2,8.5,0.2,,,7.4,,1027.1,
2024-01-20 00:00:00,3.5,1,7,0,,,5.7,,1029,
2024-01-21 00:00:00,4.1,0.5,9.3,0,,,7.1,,1025.5,
2024-01-22 00:00:00,5.9,-0.7,14.7,0,,,5.7,,1020.4,
2024-01-23 00:00:00,6.6,2,11.2,0,,,6.8,,1025.5,
2024-01-24 00:00:00,8.5,4,15.1,0,,,6.5,,1021.6,
2024-01-25 00:00:00,4,-1,7,11.1,,,6.8,,1018.9,
2024-01-26 00:00:00,-0.7,-2.9,1,0.3,,,5.9,,1026.2,
2024-01-27 00:00:00,2.1,-3.1,7,0,,,5.4,,1020.8,
2024-01-28 00:00:00,8.9,4,15.1,2.4,,,10.8,,1011.1,
2024-01-29 00:00:00,4.8,2.8,8,33,,,11.5,,1018.4,
2024-01-30 00:00:00,3.1,1,5,0,,,10.5,,1025.6,
2024-01-31 00:00:00,1.9,-1.7,4.3,3,,,12,,1028.3,
2024-02-01 00:00:00,0.3,-1.4,3,2.8,,,11.8,,1027.5,
2024-02-02 00:00:00,1.5,-2,7,0,,,8.7,,1025.3,
2024-02-03 00:00:00,1.3,-2,3.2,0,,,8.8,,1013.1,
2024-02-04 00:00:00,2.9,0,7,3.2,,,8,,1023,
2024-02-05 00:00:00,4.2,0,9,0,,,6.5,,1020.6,
2024-02-06 00:00:00,8.5,4,15,0.2,,,13.8,,1013.7,
2024-02-07 00:00:00,7.2,4.9,10.5,0.8,,,9.4,,1016.7,
2024-02-08 00:00:00,9.7,6,14,0.6,,,8.5,,1022.6,
2024-02-09 00:00:00,12.9,8,20,0,,,11.7,,1018.5,
2024-02-10 00:00:00,12.6,7,21,0,,,7.8,,1019.2,
2024-02-11 00:00:00,11.2,3.8,19.9,0,,,7.6,,1021.7,
2024-02-12 00:00:00,5.3,3,7.8,0,,,6.5,,1026.7,
2024-02-13 00:00:00,8.3,3,15,0,,,6.3,,1026,
2024-02-14 00:00:00,12.6,5,22,0,,,7.1,,1020.4,
2024-02-15 00:00:00,14.8,10,19.8,0,,,8.6,,1014.6,
2024-02-16 00:00:00,-0.1,-4,14.5,16,,,10.9,,1022.4,
2024-02-17 00:00:00,-3.8,-5.2,-2.4,0,,,6.1,,1023.4,
2024-02-18 00:00:00,-2.3,-4,-1,6.5,,,6.7,,1015.4,
2024-02-19 00:00:00,-2.3,-4,-0.9,3.8,,,6.6,,1021.2,
2024-02-20 00:00:00,-3.3,-5.4,1,7.1,,,8.4,,1027.1,
2024-02-21 00:00:00,-2.2,-7,2,0,,,8,,1027.8,
2024-02-22 00:00:00,1.3,-3.1,5.7,0,,,5.4,,1027.5,
2024-02-23 00:00:00,4.4,2,8,0.3,,,7.9,,1026.7,
2024-02-24 00:00:00,0.7,0,3,3.8,,,7.8,,1028.2,
2024-02-25 00:00:00,1.3,0,3,4.1,,,5.4,,1026.7,
2024-02-26 00:00:00,1.4,0,4,0.6,,,7.7,,1025.6,
2024-02-27 00:00:00,2.4,0,6,0,,,7,,1027.5,
2024-02-28 00:00:00,2.8,1,5,0,,,6.8,,1028.3,
2024-02-29 00:00:00,4,0,8,0,,,6.4,,1023,
2024-03-01 00:00:00,3.3,1.6,5,1.5,,,9.4,,1021.3,
2024-03-02 00:00:00,0.7,-0.3,1.1,5.1,,,4.8,,1022.6,
2024-03-03 00:00:00,0.6,0,2,8.9,,,7,,1024.4,
2024-03-04 00:00:00,2.3,-2,7,0,,,5,,1025.8,
2024-03-05 00:00:00,4,-1,10,0,,,6.5,,1022.2,
2024-03-06 00:00:00,6.5,2,11.4,0,,,5.7,,1019.1,
2024-03-07 00:00:00,8.8,4,14,2.7,,,6.7,,1018.7,
2024-03-08 00:00:00,12,7.7,17.4,1.1,,,9.4,,1017.3,
2024-03-09 00:00:00,9.7,8,12,6.1,,,12.6,,1016.2,
2024-03-10 00:00:00,9.4,7.4,12.5,13.2,,,7.7,,1019.9,
2024-03-11 00:00:00,13.3,7.2,22,0,,,8,,1017.7,
2024-03-12 00:00:00,7.2,2.7,12.1,26.9,,,13.5,,1018.3,
2024-03-13 00:00:00,5.4,1.9,8.6,5.1,,,7.1,,1027.5,
2024-03-14 00:00:00,0.5,-3.9,5,3.8,,,9.4,,1031.1,
2024-03-15 00:00:00,2.4,-6,10,0,,,8.2,,1034.3,
2024-03-16 00:00:00,7.3,1,14.9,0,,,8.4,,1026.7,
2024-03-17 00:00:00,11.3,1,20.6,0,,,7.4,,1019.1,
2024-03-18 00:00:00,15.5,9,22,0.3,,,8.4,,1019.5,
2024-03-19 00:00:00,16.9,11,24.1,0,,,8.5,,1017.5,
2024-03-20 00:00:00,19.2,15,24.8,3.4,,,13.6,,1006.3,
2024-03-21 00:00:00,14.4,13,17.6,6.1,,,10.3,,1011.1,
2024-03-22 00:00:00,8.5,7.8,13,23.9,,,8.8,,1018.2,
2024-03-23 00:00:00,12.6,5,19,0,,,8.8,,1015.2,
2024-03-24 00:00:00,14.9,8,22.3,0,,,7.9,,1017.2,
2024-03-25 00:00:00,18.5,11,26,0,,,13,,1016.2,
2024-03-26 00:00:00,19.9,14,27.5,0,,,12.1,,1007.8,
2024-03-27 00:00:00,18.4,14.7,24,2.3,,,7.6,,1014.2,
2024-03-28 00:00:00,11.8,8,17,8.4,,,12.6,,1017.6,
2024-03-29 00:00:00,8.3,7,9,3.4,,,8.8,,1018.8,
2024-03-30 00:00:00,9.1,7,12,0,,,10,,1022.2,
2024-03-31 00:00:00,10.4,3,16,0,,,9.1,,1027,
2024-04-01 00:00:00,12.9,5,19,0,,,11.9,,1020.2,
2024-04-02 00:00:00,13.4,9,18,0.2,,,8.1,,1018,
2024-04-03 00:00:00,13,10,17,2.8,,,7.5,,1019.8,
2024-04-04 00:00:00,14.8,8,20,0,,,11.1,,1017.3,
2024-04-05 00:00:00,16.5,10,22,2.9,,,10.3,,1015.7,
2024-04-06 00:00:00,11.7,9,16.4,7.1,,,14.5,,1017.2,
2024-04-07 00:00:00,14.9,7,21,0,,,8.4,,1021.1,
2024-04-08 00:00:00,18.7,11,25,0,,,9.6,,1017.6,
2024-04-09 00:00:00,14.4,12,19,8.1,,,10.8,,1020.9,
2024-04-10 00:00:00,15.8,8.2,22,0,,,8.9,,1020,
2024-04-11 00:00:00,18.4,11,26,0,,,7.6,,1012.1,
2024-04-12 00:00:00,17.4,14.8,22.6,0.3,,,8.5,,1009.5,
2024-04-13 00:00:00,16.4,14,21,8,,,8.3,,1010.3,
2024-04-14 00:00:00,17.6,10,23,0,,,7.8,,1013.2,
2024-04-15 00:00:00,15.4,14,19,0.5,,,8.2,,1013.5,
2024-04-16 00:00:00,14.2,12.7,18.7,0.5,,,8.8,,1022.7,
2024-04-17 00:00:00,17,9,24,0,,,7,,1020.1,
2024-04-18 00:00:00,18.9,12,26,0,,,8.6,,1011.8,
2024-04-19 00:00:00,20.2,13.8,27,0,,,7.2,,1006.6,
2024-04-20 00:00:00,21.9,16,28,0,,,7.6,,1007.9,
2024-04-21 00:00:00,22,16,28,1.2,,,9.5,,1010.2,
2024-04-22 00:00:00,21.5,17,26,1.5,,,8.4,,1012.5,
2024-04-23 00:00:00,22.4,16,30,0.5,,,9.6,,1012.9,
2024-04-24 00:00:00,22.9,17,29,1.3,,,10,,1011.4,
2024-04-25 00:00:00,20.2,16.2,24.2,1.6,,,10.8,,1012.1,
2024-04-26 00:00:00,19.1,14,24,0.4,,,10,,1012.9,
2024-04-27 00:00:00,16.8,9.4,24,0.9,,,13.4,,1012.4,
2024-04-28 00:00:00,11.1,4.3,16.5,0,,,9.4,,1018.7,
2024-04-29 00:00:00,14.8,9,20,0,,,7.4,,1019,
2024-04-30 00:00:00,17.5,14.8,20,0,,,8.3,,1018.6,
2024-05-01 00:00:00,18.8,12,25,0,,,11.2,,1017.5,
2024-05-02 00:00:00,21.5,14,28,0,,,10.9,,1011.4,
2024-05-03 00:00:00,20.8,16,26,2.5,,,9.7,,1004.4,
2024-05-04 00:00:00,20.2,17.8,24.2,2,,,10.5,,1004.6,
2024-05-05 00:00:00,20.4,15.2,25,13,,,11.9,,1008.4,
2024-05-06 00:00:00,21.8,14.4,28,0,,,7,,1015,
2024-05-07 00:00:00,24.2,16.3,31,0,,,14.3,,1014.5,
2024-05-08 00:00:00,26.2,18,34,0,,,9.7,,1010.5,
2024-05-09 00:00:00,25.1,20.7,31,5.1,,,16.4,,1010,
2024-05-10 00:00:00,18.4,16,22,7.9,,,12,,1013.9,
2024-05-11 00:00:00,17.5,13.8,21,1,,,9.6,,1020.9,
2024-05-12 00:00:00,19.2,13,25,0,,,7.2,,1018.3,
2024-05-13 00:00:00,22.7,14.2,30,0,,,8.5,,1013.1,
2024-05-14 00:00:00,27,17.4,36,0,,,9.7,,1009.5,
2024-05-15 00:00:00,26.5,21.5,32,0,,,11.4,,1011.4,
2024-05-16 00:00:00,21.4,17.4,25.1,1.4,,,14.7,,1016.5,
2024-05-17 00:00:00,23.4,17.6,29,0,,,7.4,,1011.8,
2024-05-18 00:00:00,21.2,17.4,25,9.4,,,13,,1010.6,
2024-05-19 00:00:00,15,12,20,7.9,,,10.9,,1016.5,
2024-05-20 00:00:00,15.6,12.7,20.6,9.9,,,7.4,,1018.7,
2024-05-21 00:00:00,19.8,12.8,26,0,,,8.6,,1018.5,
2024-05-22 00:00:00,22.6,17.6,27,0,,,11.1,,1016.1,
2024-05-23 00:00:00,22.7,18,27,1.3,,,8.4,,1012.3,
2024-05-24 00:00:00,19.3,16.3,22,22.1,,,10.1,,1010.6,
2024-05-25 00:00:00,22.9,15,30,0.4,,,14.6,,1013.3,
2024-05-26 00:00:00,14.6,9.3,20,0,,,14,,1023.9,
2024-05-27 00:00:00,20.1,9.7,28,0,,,8.1,,1015.8,
2024-05-28 00:00:00,22.7,15.6,28,0,,,13.2,,1014,
2024-05-29 00:00:00,21.5,14,28,0,,,9.9,,1015,
2024-05-30 00:00:00,23.1,14,29,0,,,9.8,,1014.7,
2024-05-31 00:00:00,24.6,15.2,32,0,,,8.5,,1016.7,
2024-06-01 00:00:00,26.1,17.6,33,0,,,8.6,,1014,
2024-06-02 00:00:00,27,17.4,33,0,,,11.4,,1011.5,
2024-06-03 00:00:00,25.9,19.1,31,0,,,7.9,,1011,
2024-06-04 00:00:00,25.5,19,32,0,,,9.1,,1011.8,
2024-06-05 00:00:00,26,18.9,33,0,,,9.7,,1011.3,
2024-06-06 00:00:00,26.7,18,34,0,,,8.5,,1010.9,
2024-06-07 00:00:00,28.3,19.8,34,0,,,9.9,,1010.4,
2024-06-08 00:00:00,28.3,19.7,35,0,,,8.7,,1008.4,
2024-06-09 00:00:00,29.6,21.5,36,0,,,9.3,,1007.3,
2024-06-10 00:00:00,30.1,23,38,0,,,10.3,,1009.4,
2024-06-11 00:00:00,31,22.3,37,0,,,12.7,,1009,
2024-06-12 00:00:00,31,24.3,37,0,,,11.4,,1007.5,
2024-06-13 00:00:00,28,20.2,34,0,,,11.2,,1007.1,
2024-06-14 00:00:00,26.6,17.7,34,0,,,7.9,,1006.5,
2024-06-15 00:00:00,27.9,19.9,34,0,,,8.4,,1005.7,
2024-06-16 00:00:00,29.2,20.3,36,0,,,9.7,,1006.1,
2024-06-17 00:00:00,30.7,23,36,0,,,9.4,,1006.7,
2024-06-18 00:00:00,30.7,25,36,0.4,,,11,,1008.8,
2024-06-19 00:00:00,30.5,22.4,38,0,,,9.5,,1006.2,
2024-06-20 00:00:00,31.3,23.7,37,0,,,10.2,,1002.4,
2024-06-21 00:00:00,31.2,25,38,0.4,,,10.9,,1001.2,
2024-06-22 00:00:00,31.5,23.4,37,0,,,8.3,,1002.4,
2024-06-23 00:00:00,31.1,24.8,38,1,,,11.5,,1004.7,
2024-06-24 00:00:00,29.3,24.5,34,0,,,9,,1008.2,
2024-06-25 00:00:00,29.7,21.8,36,0,,,11.4,,1005.6,
2024-06-26 00:00:00,31.8,23.9,38,0,,,8.8,,1002.5,
2024-06-27 00:00:00,33.5,24.6,40.6,0,,,7.6,,1000.7,
2024-06-28 00:00:00,33,26.5,39,0,,,9.3,,1003.7,
2024-06-29 00:00:00,31.1,25.1,36,0,,,10.5,,1004.3,
2024-06-30 00:00:00,30.2,25.2,35,0,,,10,,1004.9,
2024-07-01 00:00:00,27.6,24,32,0,,,9.6,,1005.7,
2024-07-02 00:00:00,25.7,17.4,30.1,0,,,9,,1007.3,
2024-07-03 00:00:00,27.2,17.6,34,0,,,10,,1005.9,
2024-07-04 00:00:00,29.3,18.9,36,0,,,10,,1005.2,
2024-07-05 00:00:00,29.9,20.5,36,0,,,9.4,,1002.4,
2024-07-06 00:00:00,29.5,21.6,36,0,,,9.6,,1001,
2024-07-07 00:00:00,28,20.5,35,0,,,11.6,,1002.6,
2024-07-08 00:00:00,28.4,21.6,34,1,,,10.6,,1005.7,
2024-07-09 00:00:00,30.1,23.2,35,0,,,11.4,,1007.8,
2024-07-10 00:00:00,31.2,22,37,0,,,10.3,,1008.1,
2024-07-11 00:00:00,30.9,22.5,36,0,,,9.8,,1006.4,
2024-07-12 00:00:00,30.8,23,37,0,,,11.1,,1001,
2024-07-13 00:00:00,30.9,25,36,0,,,13.4,,1000.7,
2024-07-14 00:00:00,29,22.9,34,0.5,,,10.6,,1001.4,
2024-07-15 00:00:00,28.7,24,33,0,,,12,,1004.3,
2024-07-16 00:00:00,28.8,23.8,33,0,,,10.9,,1006.8,
2024-07-17 00:00:00,29.5,22,36,0,,,12,,1005.3,
2024-07-18 00:00:00,29.6,21.9,35.2,0,,,9,,1004.1,
2024-07-19 00:00:00,29.3,22.6,35,0,,,11.2,,1002.6,
2024-07-20 00:00:00,30.3,24.5,35.4,0,,,11,,1003.3,
2024-07-21 00:00:00,31.3,23.9,37,0,,,13.5,,1003.9,
2024-07-22 00:00:00,32.2,21.9,38.2,0,,,11.4,,1002.9,
2024-07-23 00:00:00,31.9,25.4,38,0,,,9.4,,1002.2,
2024-07-24 00:00:00,32.2,23.4,38,0,,,9.7,,999.8,
2024-07-25 00:00:00,33.1,24.5,40,0,,,9.7,,997.7,
2024-07-26 00:00:00,33.5,25.9,40,0,,,13.4,,1000.4,
2024-07-27 00:00:00,33.9,26,41,0,,,13.7,,1002.8,
2024-07-28 00:00:00,33.4,26.5,40,0,,,12.4,,1004.8,
2024-07-29 00:00:00,31,22.9,38,0,,,11.1,,1004.2,
2024-07-30 00:00:00,29.9,24,37,0,,,9.4,,1003.9,
2024-07-31 00:00:00,31.1,25.5,37.7,0,,,9.1,,1002.6,
2024-08-01 00:00:00,32.5,24.8,39,0,,,10.5,,1000.4,
2024-08-02 00:00:00,33.2,25.8,40,0,,,9.7,,1002.1,
2024-08-03 00:00:00,31.6,25.6,37,0,,,14,,1003.1,
2024-08-04 00:00:00,30.3,23,36,0,,,8.9,,1004.7,
2024-08-05 00:00:00,30.9,23.6,38,0,,,8.6,,1004.3,
2024-08-06 00:00:00,29.9,22.1,38,0,,,9,,1004.4,
2024-08-07 00:00:00,31.2,24,38,0,,,7.6,,1003.9,
2024-08-08 00:00:00,32.2,23.5,40.4,0,,,8.5,,1003.5,
2024-08-09 00:00:00,32.1,25.6,38,0,,,9.3,,1003.9,
2024-08-10 00:00:00,30.8,26.3,35,0,,,18.7,,1008.1,
2024-08-11 00:00:00,28.9,19.5,36,0,,,10.8,,1007.3,
2024-08-12 00:00:00,29.9,22,37,0,,,10,,1008.3,
2024-08-13 00:00:00,31.6,22.4,38,0,,,9.6,,1007.1,
2024-08-14 00:00:00,33,24.3,40,0,,,9.4,,1007.1,
2024-08-15 00:00:00,33.4,25.2,40,0,,,7.8,,1005.2,
2024-08-16 00:00:00,29.8,26,34,0,,,12.6,,1006.5,
2024-08-17 00:00:00,28.5,22.9,34,0,,,13.9,,1007.2,
2024-08-18 00:00:00,24.7,20.3,27,0.4,,,10.8,,1013.2,
2024-08-19 00:00:00,25.8,17.9,32,0,,,10.5,,1013.2,
2024-08-20 00:00:00,26.7,18,32.8,0,,,10.1,,1009.2,
2024-08-21 00:00:00,26.8,19,34,0,,,8.5,,1009.2,
2024-08-22 00:00:00,28.3,19.2,35,0,,,10.2,,1008.2,
2024-08-23 00:00:00,28.4,21,34.6,0,,,8.7,,1007.6,
2024-08-24 00:00:00,28.1,20.8,34.6,0,,,11.4,,1009.4,
2024-08-25 00:00:00,27.3,21.8,32.3,0,,,13.2,,1010.8,
2024-08-26 00:00:00,25,17.5,32,0,,,8.1,,1009.2,
2024-08-27 00:00:00,24.9,17,31,0,,,8.2,,1007.8,
2024-08-28 00:00:00,23.6,17.8,30.1,0,,,10.2,,1009.3,
2024-08-29 00:00:00,22.9,16.6,29,,,,9.4,,1011.5,
2024-08-30 00:00:00,24.6,16.4,32.3,,,,8.2,,1011.4,
2024-08-31 00:00:00,26.4,17.7,34,,,,9.3,,1010,
2024-09-01 00:00:00,26,18,33,,,,12.9,,1011,
2024-09-02 00:00:00,22.2,15.4,29,,,,10.8,,1013.2,
2024-09-03 00:00:00,22.5,14.4,31,,,,9,,1012.8,
2024-09-04 00:00:00,23.5,14.5,31,,,,7.1,,1012.1,
2024-09-05 00:00:00,24.8,16.2,33,0,,,11.1,,1008.7,
2024-09-06 00:00:00,22,16,29,0,,,10.3,,1009.9,
2024-09-07 00:00:00,20,13,27,0,,,8.5,,1019,
2024-09-08 00:00:00,20.5,11.9,27,0,,,9.4,,1017.4,
2024-09-09 00:00:00,19.6,13.8,25,0,,,7.9,,1018.3,
2024-09-10 00:00:00,20.9,12.2,28.3,0,,,7.7,,1018,
2024-09-11 00:00:00,21.6,13.6,29,0,,,7.9,,1015.6,
2024-09-12 00:00:00,22.3,14.3,29.6,0,,,8.6,,1010.3,
2024-09-13 00:00:00,22.2,15,29.4,0,,,9.6,,1009.2,
2024-09-14 00:00:00,21.9,13.9,30,0,,,8.3,,1008.4,
2024-09-15 00:00:00,22.8,15.2,30.4,0,,,8.2,,1008.4,
2024-09-16 00:00:00,22.4,15.4,29.3,0.1,,,8.4,,1009.8,
2024-09-17 00:00:00,21.3,17.2,26.8,0.8,,,8.8,,1014.6,
2024-09-18 00:00:00,22.8,14.9,30,0,,,8.5,,1015.1,
2024-09-19 00:00:00,24.1,17,28,0.3,,,8.5,,1016,
2024-09-20 00:00:00,22.3,18,26,0,,,10,,1017.9,
2024-09-21 00:00:00,22.4,15,29.2,0,,,7.8,,1015.3,
2024-09-22 00:00:00,22.6,16.8,29,0.2,,,6.5,,1015.1,
2024-09-23 00:00:00,22.6,15.4,30,0,,,6.8,,1016.3,
2024-09-24 00:00:00,23.3,16,31,0,,,8.1,,1015.5,
2024-09-25 00:00:00,25.8,15.5,33.3,0,,,9.1,,1009.9,
2024-09-26 00:00:00,23.2,19,28,2.5,,,12.2,,1010.4,
2024-09-27 00:00:00,18,14,22,0.6,,,8.4,,1016.8,
2024-09-28 00:00:00,18.1,12,25,0,,,7.8,,1019.4,
2024-09-29 00:00:00,19,13,26,0,,,7.9,,1018.4,
2024-09-30 00:00:00,16.6,14.2,19.4,0,,,8.4,,1017.5,
2024-10-01 00:00:00,19.6,11.4,26,0.2,,,7.3,,1014.9,
2024-10-02 00:00:00,22.2,15.3,28,0.5,,,8.5,,1013.5,
2024-10-03 00:00:00,22,18.2,28,0,,,11.7,,1013.7,
2024-10-04 00:00:00,24.1,19.9,29.6,0,,,8.9,,1011.3,
2024-10-05 00:00:00,19.6,16.8,23,3,,,9.6,,1014.4,
2024-10-06 00:00:00,20,15.6,25,2.8,,,8.4,,1018.8,
2024-10-07 00:00:00,20.2,13.9,27,0,,,10.6,,1022.7,
2024-10-08 00:00:00,19.4,12,27,0,,,7.6,,1020.4,
2024-10-09 00:00:00,19.9,13,28,0,,,7.6,,1015.2,
2024-10-10 00:00:00,20.6,14,27,2.4,,,10.2,,1011.7,
2024-10-11 00:00:00,20.6,16.9,24,1.3,,,11.1,,1010.7,
2024-10-12 00:00:00,18.6,13.4,23,0,,,8.2,,1016.7,
2024-10-13 00:00:00,18.3,15.2,23.7,0.3,,,9,,1013.7,
2024-10-14 00:00:00,11.8,10.2,14.7,19.6,,,7.4,,1017.3,
2024-10-15 00:00:00,11.8,10.2,15,8.4,,,7.3,,1019.6,
2024-10-16 00:00:00,8.6,4.9,11,0,,,9.6,,1025.4,
2024-10-17 00:00:00,9.6,3.3,17.3,0,,,6.3,,1025.5,
2024-10-18 00:00:00,13.5,5,23,0,,,5.7,,1020.3,
2024-10-19 00:00:00,16.6,7.7,27,0,,,6.2,,1017.5,
2024-10-20 00:00:00,18.8,9.5,30,0,,,5.4,,1014.2,
2024-10-21 00:00:00,19.5,14,29,0,,,7.6,,1014.2,
2024-10-22 00:00:00,13.9,9.4,18,9.5,,,7.9,,1015.7,
2024-10-23 00:00:00,10.3,9,12,1,,,7,,1025.2,
2024-10-24 00:00:00,11.6,6,17.6,0,,,4.8,,1026.5,
2024-10-25 00:00:00,14.4,7,22,0.2,,,7.6,,1016.5,
2024-10-26 00:00:00,11.3,9.3,14.2,3,,,10,,1023.9,
2024-10-27 00:00:00,11.8,6.8,17,0.4,,,7,,1020.6,
2024-10-28 00:00:00,8.3,5.5,11.8,6.1,,,8.2,,1026.6,
2024-10-29 00:00:00,8.7,5.7,11,0.1,,,8.3,,1024.8,
2024-10-30 00:00:00,10.6,7.1,16,0,,,6,,1025.3,
2024-10-31 00:00:00,11.4,5.3,18.2,0,,,6.2,,1025.4,
2024-11-01 00:00:00,12.2,7,18.7,0,,,4.6,,1022.5,
2024-11-02 00:00:00,13.8,7.5,21,0,,,5.8,,1024.4,
2024-11-03 00:00:00,15.5,8,24,0,,,5.1,,1017.6,
2024-11-04 00:00:00,18.9,13,26,12.2,,,9.2,,1013.4,
2024-11-05 00:00:00,16.6,13.2,19,3.8,,,10,,1014.3,
2024-11-06 00:00:00,9.8,4.4,17,19.1,,,11.3,,1023.6,
2024-11-07 00:00:00,6.1,2,9.1,0,,,8.2,,1031.6,
2024-11-08 00:00:00,6.7,1.3,11.2,0,,,7.9,,1032.5,
2024-11-09 00:00:00,8.1,2.7,14,0,,,7,,1030.2,
2024-11-10 00:00:00,8.1,3.7,14.1,0,,,5.8,,1029.1,
2024-11-11 00:00:00,7.4,3,12.6,0,,,5.4,,1027.8,
2024-11-12 00:00:00,9.5,3.2,15.3,0,,,4.8,,1021.6,
2024-11-13 00:00:00,4.6,-0.3,10,7.9,,,9.6,,1023.4,
2024-11-14 00:00:00,2.6,-0.6,7,0,,,5.9,,1031.6,
2024-11-15 00:00:00,4.1,-1,10.4,0,,,4.5,,1026.8,
2024-11-16 00:00:00,6.7,0,15,0,,,6.2,,1021,
2024-11-17 00:00:00,10.9,3,19.3,0,,,6.6,,1017.2,
2024-11-18 00:00:00,12.3,8,18,0.2,,,8.9,,1020.5,
2024-11-19 00:00:00,14.1,10,20,16.5,,,10.8,,1017.8,
2024-11-20 00:00:00,9.9,8,12,11.5,,,5.4,,1021,
2024-11-21 00:00:00,9.7,8,12,2.5,,,5.4,,1024.6,
2024-11-22 00:00:00,9.4,6,14,0,,,6.3,,1025.2,
2024-11-23 00:00:00,8.3,3,15,0,,,5.1,,1026.4,
2024-11-24 00:00:00,8,1,17,0,,,4.1,,1021.7,
2024-11-25 00:00:00,10.3,4,18.7,0,,,5.8,,1019.2,
2024-11-26 00:00:00,13.1,8,21,5.9,,,5.1,,1021,
2024-11-27 00:00:00,12.7,6,22.1,0,,,4.6,,1019.1,
2024-11-28 00:00:00,14.8,10,22.2,0,,,7.9,,1013,
2024-11-29 00:00:00,9.6,7.3,14,5.1,,,8,,1017.5,
2024-11-30 00:00:00,6.9,4.9,8,7.6,,,7.7,,1023.7,
2024-12-01 00:00:00,5.7,3,7,0,,,7.2,,1027.2,
2024-12-02 00:00:00,5.4,1,11,0,,,7.8,,1028.1,
2024-12-03 00:00:00,3.9,0.6,9.3,0,,,6.5,,1029.4,
2024-12-04 00:00:00,1.3,1,2.3,0,,,5.9,,1027.6,
2024-12-05 00:00:00,1.9,0.9,3.2,0,,,5.9,,1027.6,
2024-12-06 00:00:00,1.5,-0.4,3,0,,,5.9,,1031,
2024-12-07 00:00:00,0.2,-2.4,3,0,,,7.7,,1031.9,
2024-12-08 00:00:00,-4.5,-7.9,0,1,,,11,,1040.6,
2024-12-09 00:00:00,-4.3,-8.4,1,0,,,6.5,,1039.9,
2024-12-10 00:00:00,-3.4,-8,1.2,0,,,7.4,,1036.2,
2024-12-11 00:00:00,-2.6,-7.6,4,,,,7,,1037,
2024-12-12 00:00:00,0.1,-7,9,,,,6.1,,1028.7,
2024-12-13 00:00:00,6.2,-2,14.9,,,,9.4,,1018.2,
2024-12-14 00:00:00,8.8,4,16,0,,,8.8,,1012.8,
2024-12-15 00:00:00,-1.8,-5.4,10,13,,,12.5,,1028.3,
2024-12-16 00:00:00,-5.4,-9,-1,0,,,7.9,,1039,
2024-12-17 00:00:00,-2.8,-11,5.6,0,,,7.1,,1021.4,
2024-12-18 00:00:00,1.9,-1,5,0,,,8.2,,1020.5,
2024-12-19 00:00:00,4.6,1,7.3,2.3,,,8,,1014.2,
2024-12-20 00:00:00,0.4,-0.6,2,8.1,,,7.6,,1027.2,
2024-12-21 00:00:00,-0.5,-4,4,0,,,8.7,,1027.8,
2024-12-22 00:00:00,-1.5,-6,4.5,0,,,7.6,,1026.7,
2024-12-23 00:00:00,-0.6,-6,8.5,0,,,7,,1024.5,
2024-12-24 00:00:00,0.8,-5,10.2,0,,,5.7,,1026.2,
2024-12-25 00:00:00,2.8,-4,11.5,0,,,6.5,,1024.2,
2024-12-26 00:00:00,4.4,-1,13.6,0,,,6.2,,1026.7,
2024-12-27 00:00:00,3.5,0,8.8,0,,,6,,1030.2,
2024-12-28 00:00:00,3.4,-1.3,10,0,,,5.9,,1026.7,
2024-12-29 00:00:00,5.9,-1,13,0.2,,,7.8,,1017.3,
2024-12-30 00:00:00,4.9,3.7,8,5.3,,,7.2,,1023,
2024-12-31 00:00:00,5.2,2.3,8,0,,,7,,1025.9,
2025-01-01 00:00:00,2.7,1,5,1.7,,,5.7,,1027,
